"source","target","gene_A","gene_B","type_gene_A","type_gene_B","MeanLR"
"Megakaryocyte","Megakaryocyte","LGALS9","PTPRC","Ligand","Receptor",0.173903322764713
"Megakaryocyte","Megakaryocyte","LGALS9","CD47","Ligand","Receptor",0.178258534972786
"Megakaryocyte","Megakaryocyte","LGALS9","HAVCR2","Ligand","Receptor",0.123144835155697
"Megakaryocyte","Megakaryocyte","HLA-B","CD3D","Ligand","Receptor",1.89826783242937
"Megakaryocyte","Megakaryocyte","HLA-B","CD3G","Ligand","Receptor",1.5777534519601
"Megakaryocyte","Megakaryocyte","HLA-B","KLRD1","Ligand","Receptor",1.56466421773123
"Megakaryocyte","Megakaryocyte","HLA-DRA","LAG3","Ligand","Receptor",0.254716463837128
"Megakaryocyte","Megakaryocyte","HLA-DQA1","LAG3","Ligand","Receptor",0.0895115551322928
"Megakaryocyte","Megakaryocyte","HLA-A","CD3D","Ligand","Receptor",1.15612715850606
"Megakaryocyte","Megakaryocyte","HLA-A","CD3G","Ligand","Receptor",0.835612778036794
"Megakaryocyte","Megakaryocyte","HLA-DPB1","LAG3","Ligand","Receptor",0.287932677024352
"Megakaryocyte","Megakaryocyte","APP","CD74","Ligand","Receptor",1.05063787075297
"Megakaryocyte","Megakaryocyte","APP","RPSA","Ligand","Receptor",1.24086911161884
"Megakaryocyte","Megakaryocyte","CD48","CD2","Ligand","Receptor",0.339086156770532
"Megakaryocyte","Megakaryocyte","HLA-C","CD3D","Ligand","Receptor",1.32774698313692
"Megakaryocyte","Megakaryocyte","HLA-C","CD3G","Ligand","Receptor",1.00723260266765
"Megakaryocyte","Megakaryocyte","ICAM2","ITGAM","Ligand","Receptor",0.293580617477656
"Megakaryocyte","Megakaryocyte","HLA-E","KLRC1","Ligand","Receptor",0.507748745789868
"Megakaryocyte","Megakaryocyte","HLA-DPA1","LAG3","Ligand","Receptor",0.340637184243184
"Megakaryocyte","Megakaryocyte","B2M","CD3D","Ligand","Receptor",2.82326481760696
"Megakaryocyte","Megakaryocyte","B2M","CD3G","Ligand","Receptor",2.50275043713769
"Megakaryocyte","Megakaryocyte","B2M","CD247","Ligand","Receptor",2.43577979463649
"Megakaryocyte","Megakaryocyte","B2M","KLRC1","Ligand","Receptor",2.48697431675507
"Megakaryocyte","Megakaryocyte","B2M","KLRD1","Ligand","Receptor",2.48966120290883
"Megakaryocyte","Megakaryocyte","CLEC2D","KLRB1","Ligand","Receptor",0.299949118579502
"Megakaryocyte","Megakaryocyte","PF4","CXCR3","Ligand","Receptor",0.238553602359787
"Megakaryocyte","Megakaryocyte","CCL5","CXCR3","Ligand","Receptor",0.251000472085529
"Megakaryocyte","Megakaryocyte","GRN","TNFRSF1B","Ligand","Receptor",0.262895326051199
"Megakaryocyte","Megakaryocyte","COPA","CD74","Ligand","Receptor",1.0376833593243
"Megakaryocyte","Megakaryocyte","HMGB1","HAVCR2","Ligand","Receptor",0.600631526732287
"Megakaryocyte","Megakaryocyte","GZMB","IGF2R","Ligand","Receptor",0.523454144000275
"Megakaryocyte","Megakaryocyte","C1QB","C1QBP","Ligand","Receptor",0.402750947223126
"Megakaryocyte","Megakaryocyte","HMGB1","CXCR4","Ligand","Receptor",0.693483586754887
"Megakaryocyte","Fibroblast","LGALS9","MET","Ligand","Receptor",0.140073279582032
"Megakaryocyte","Fibroblast","LGALS9","CD44","Ligand","Receptor",0.199661356768637
"Megakaryocyte","Fibroblast","APP","RPSA","Ligand","Receptor",1.41971609318795
"Megakaryocyte","Fibroblast","ITGB2","THY1","Ligand","Receptor",0.370060114967972
"Megakaryocyte","Fibroblast","B2M","TFRC","Ligand","Receptor",2.44446118863151
"Megakaryocyte","Fibroblast","TIGIT","PVR","Ligand","Receptor",0.115249901719141
"Megakaryocyte","Fibroblast","COL6A3","ITGA10","Ligand","Receptor",0.192629350131719
"Megakaryocyte","Fibroblast","COL6A3","ITGA11","Ligand","Receptor",0.208463020521887
"Megakaryocyte","Fibroblast","PF4","SDC2","Ligand","Receptor",0.111301832117534
"Megakaryocyte","Fibroblast","CCL5","SDC1","Ligand","Receptor",0.115520246688684
"Megakaryocyte","Fibroblast","GPI","AMFR","Ligand","Receptor",0.127012082489085
"Megakaryocyte","Fibroblast","MFNG","NOTCH2","Ligand","Receptor",0.133135323309407
"Megakaryocyte","Fibroblast","LTB","TNFRSF1A","Ligand","Receptor",0.644950676571749
"Megakaryocyte","Fibroblast","HLA-B","CANX","Ligand","Receptor",1.54715706390457
"Megakaryocyte","Fibroblast","VIM","CD44","Ligand","Receptor",0.851132727580104
"Megakaryocyte","Fibroblast","LMAN1","MCFD2","Ligand","Receptor",0.21917721929836
"Megakaryocyte","Fibroblast","FABP5","RXRA","Ligand","Receptor",0.254617372975737
"Megakaryocyte","Fibroblast","LGALS9","SLC1A5","Ligand","Receptor",0.196638366318786
"Megakaryocyte","Fibroblast","LGALS3","ENG","Ligand","Receptor",0.2504634738529
"Megakaryocyte","MSC","LGALS9","LRP1","Ligand","Receptor",0.510894705298521
"Megakaryocyte","MSC","LGALS9","CD47","Ligand","Receptor",0.261829468649693
"Megakaryocyte","MSC","LGALS9","MRC2","Ligand","Receptor",0.276760341971938
"Megakaryocyte","MSC","HLA-DRA","CD4","Ligand","Receptor",0.249433392865408
"Megakaryocyte","MSC","HLA-DQA1","CD4","Ligand","Receptor",0.0842284841605733
"Megakaryocyte","MSC","HLA-A","APLP2","Ligand","Receptor",0.886874988164438
"Megakaryocyte","MSC","HLA-DPB1","CD4","Ligand","Receptor",0.282649606052632
"Megakaryocyte","MSC","APP","CD74","Ligand","Receptor",0.924975914672612
"Megakaryocyte","MSC","APP","LRP1","Ligand","Receptor",0.481337968810787
"Megakaryocyte","MSC","ITGB2","THY1","Ligand","Receptor",0.379891285779412
"Megakaryocyte","MSC","CD99","CD81","Ligand","Receptor",0.551178496271327
"Megakaryocyte","MSC","HLA-DPA1","CD4","Ligand","Receptor",0.335354113271464
"Megakaryocyte","MSC","HLA-DMA","CD4","Ligand","Receptor",0.21004302986383
"Megakaryocyte","MSC","HLA-DMB","CD4","Ligand","Receptor",0.0819298809793356
"Megakaryocyte","MSC","B2M","TFRC","Ligand","Receptor",2.41664315690343
"Megakaryocyte","MSC","ALCAM","CHL1","Ligand","Receptor",0.423860622474205
"Megakaryocyte","MSC","ALCAM","NRP1","Ligand","Receptor",0.226675011827961
"Megakaryocyte","MSC","COL6A3","ITGA10","Ligand","Receptor",0.290275085007169
"Megakaryocyte","MSC","COL6A3","ITGA1","Ligand","Receptor",0.311302407727597
"Megakaryocyte","MSC","COL6A3","ITGA11","Ligand","Receptor",0.26277741613497
"Megakaryocyte","MSC","PF4","SDC2","Ligand","Receptor",0.1739882532152
"Megakaryocyte","MSC","PF4","LRP1","Ligand","Receptor",0.50425451431289
"Megakaryocyte","MSC","S100A8","ITGB2","Ligand","Receptor",0.448109708608664
"Megakaryocyte","MSC","S100A9","ITGB2","Ligand","Receptor",0.399358209929881
"Megakaryocyte","MSC","LGALS1","ITGB1","Ligand","Receptor",1.27808430458356
"Megakaryocyte","MSC","CCL5","SDC1","Ligand","Receptor",0.149706809712383
"Megakaryocyte","MSC","CALR","LRP1","Ligand","Receptor",0.504252717069492
"Megakaryocyte","MSC","GRN","TNFRSF1A","Ligand","Receptor",0.510013142550191
"Megakaryocyte","MSC","COPA","CD74","Ligand","Receptor",0.912021403243943
"Megakaryocyte","MSC","LGALS3BP","ITGB1","Ligand","Receptor",0.437916890421858
"Megakaryocyte","MSC","IL16","CD4","Ligand","Receptor",0.0766342712802543
"Megakaryocyte","MSC","FAM3C","LAMP1","Ligand","Receptor",0.262453675072273
"Megakaryocyte","MSC","FAM3C","LIFR","Ligand","Receptor",0.264391219652406
"Megakaryocyte","MSC","GPI","AMFR","Ligand","Receptor",0.123394029794989
"Megakaryocyte","MSC","GZMB","IGF2R","Ligand","Receptor",0.530175128438769
"Megakaryocyte","MSC","SERPINA1","LRP1","Ligand","Receptor",0.478727631006925
"Megakaryocyte","MSC","MFNG","NOTCH2","Ligand","Receptor",0.143896585685384
"Megakaryocyte","MSC","TIMP1","CD63","Ligand","Receptor",1.42208420118321
"Megakaryocyte","MSC","HMGB1","SDC1","Ligand","Receptor",0.621386822548862
"Megakaryocyte","MSC","LTB","TNFRSF1A","Ligand","Receptor",0.993722708605918
"Megakaryocyte","MSC","LRPAP1","LRP1","Ligand","Receptor",0.477398350508607
"Megakaryocyte","MSC","C1QB","LRP1","Ligand","Receptor",0.496202573814715
"Megakaryocyte","MSC","PSAP","LRP1","Ligand","Receptor",0.638745580107849
"Megakaryocyte","MSC","HLA-B","CANX","Ligand","Receptor",1.56939758678252
"Megakaryocyte","MSC","LTB","CD40","Ligand","Receptor",0.613269690335623
"Megakaryocyte","MSC","CCL5","SDC4","Ligand","Receptor",0.224252197490238
"Megakaryocyte","MSC","C1QB","C1QBP","Ligand","Receptor",0.228999703933019
"Megakaryocyte","MSC","LMAN1","MCFD2","Ligand","Receptor",0.236957169202547
"Megakaryocyte","MSC","FABP5","RXRA","Ligand","Receptor",0.284786939560514
"Megakaryocyte","MSC","LGALS9","SLC1A5","Ligand","Receptor",0.256788594427165
"Megakaryocyte","MSC","HSP90B1","LRP1","Ligand","Receptor",0.76458664598915
"Megakaryocyte","MSC","PDAP1","PDGFRB","Ligand","Receptor",0.476377911339386
"Megakaryocyte","MSC","LGALS3","ENG","Ligand","Receptor",0.255658298570338
"Megakaryocyte","Myeloid","LGALS9","PTPRC","Ligand","Receptor",0.302276405694372
"Megakaryocyte","Myeloid","ICAM2","ITGAM","Ligand","Receptor",0.258035653531806
"Megakaryocyte","Myeloid","LGALS1","PTPRC","Ligand","Receptor",1.10894746506616
"Megakaryocyte","Myeloid","LTB","TNFRSF1A","Ligand","Receptor",0.701001231861203
"Megakaryocyte","Myeloid","HLA-B","CANX","Ligand","Receptor",1.84357090499319
"Megakaryocyte","Myeloid","HMGB1","CXCR4","Ligand","Receptor",0.827499323175203
"Megakaryocyte","Myeloid","GNAI2","S1PR4","Ligand","Receptor",0.280671126832915
"Megakaryocyte","Neural","HLA-A","APLP2","Ligand","Receptor",0.799504495063153
"Megakaryocyte","Neural","IL16","CD9","Ligand","Receptor",0.154208629713822
"Megakaryocyte","Neural","HLA-B","CANX","Ligand","Receptor",1.48913164421106
"Megakaryocyte","Neural","ARF6","SMAP1","Ligand","Receptor",0.183252460790926
"Fibroblast","Megakaryocyte","THY1","ITGAM","Ligand","Receptor",0.231752466043996
"Fibroblast","Megakaryocyte","APP","CD74","Ligand","Receptor",1.01981102533607
"Fibroblast","Megakaryocyte","APP","RPSA","Ligand","Receptor",1.21004226620193
"Fibroblast","Megakaryocyte","THBS1","ITGA4","Ligand","Receptor",0.162178619672682
"Fibroblast","Megakaryocyte","COL1A1","CD44","Ligand","Receptor",0.885367503122106
"Fibroblast","Megakaryocyte","FN1","ITGA4","Ligand","Receptor",0.915106412755305
"Fibroblast","Megakaryocyte","FN1","ITGA4","Ligand","Receptor",0.934885900635129
"Fibroblast","Megakaryocyte","FN1","CD44","Ligand","Receptor",0.825360468662295
"Fibroblast","Megakaryocyte","COL1A2","CD44","Ligand","Receptor",0.52231544469762
"Fibroblast","Megakaryocyte","COL6A1","CD44","Ligand","Receptor",0.414772854197792
"Fibroblast","Megakaryocyte","TGFB1","CXCR4","Ligand","Receptor",0.181555780039695
"Fibroblast","Megakaryocyte","S100A8","ITGB2","Ligand","Receptor",0.375716541691278
"Fibroblast","Megakaryocyte","S100A9","ITGB2","Ligand","Receptor",0.434727023858232
"Fibroblast","Megakaryocyte","LGALS1","ITGB1","Ligand","Receptor",2.01453006779407
"Fibroblast","Megakaryocyte","LGALS1","PTPRC","Ligand","Receptor",1.9521266218158
"Fibroblast","Megakaryocyte","SPP1","ITGA4","Ligand","Receptor",0.284192148026679
"Fibroblast","Megakaryocyte","SPP1","PTGER4","Ligand","Receptor",0.176971120517322
"Fibroblast","Megakaryocyte","CCL5","CXCR3","Ligand","Receptor",0.189312341562922
"Fibroblast","Megakaryocyte","CD59","CD2","Ligand","Receptor",0.311760928685837
"Fibroblast","Megakaryocyte","MIF","CD44","Ligand","Receptor",0.601487171852897
"Fibroblast","Megakaryocyte","MIF","CXCR4","Ligand","Receptor",0.639175660156023
"Fibroblast","Megakaryocyte","MIF","TNFRSF14","Ligand","Receptor",0.273464495369135
"Fibroblast","Megakaryocyte","GRN","TNFRSF1B","Ligand","Receptor",0.188143168650032
"Fibroblast","Megakaryocyte","FAM3C","CLEC2D","Ligand","Receptor",0.0993447057822986
"Fibroblast","Megakaryocyte","FSTL1","DIP2A","Ligand","Receptor",0.359787747345365
"Fibroblast","Megakaryocyte","FADD","TRADD","Ligand","Receptor",0.0811221618549506
"Fibroblast","Megakaryocyte","GNAI2","CXCR3","Ligand","Receptor",0.277669077532525
"Fibroblast","Megakaryocyte","PKM","CD44","Ligand","Receptor",0.504477887342386
"Fibroblast","Megakaryocyte","TGM2","ITGA4","Ligand","Receptor",0.310516691687651
"Fibroblast","Megakaryocyte","BGN","LY96","Ligand","Receptor",0.253188041536819
"Fibroblast","Megakaryocyte","SPP1","S1PR1","Ligand","Receptor",0.179224154285028
"Fibroblast","Megakaryocyte","INHBA","ACTR2","Ligand","Receptor",0.23655297572736
"Fibroblast","Fibroblast","ADAM12","ITGB1","Ligand","Receptor",0.338225896302945
"Fibroblast","Fibroblast","APP","RPSA","Ligand","Receptor",1.38888924777104
"Fibroblast","Fibroblast","ADAM15","ITGB1","Ligand","Receptor",0.335667208213191
"Fibroblast","Fibroblast","ADAM15","ITGA5","Ligand","Receptor",0.224228333121114
"Fibroblast","Fibroblast","COL1A1","ITGA10","Ligand","Receptor",0.97022444038196
"Fibroblast","Fibroblast","COL1A1","ITGA11","Ligand","Receptor",0.986058110772128
"Fibroblast","Fibroblast","COL1A1","ITGA5","Ligand","Receptor",0.973435576715527
"Fibroblast","Fibroblast","COL1A1","CD44","Ligand","Receptor",0.9444089413187
"Fibroblast","Fibroblast","COL1A1","SDC1","Ligand","Receptor",0.854461152498637
"Fibroblast","Fibroblast","COL1A1","DDR2","Ligand","Receptor",0.862153232222561
"Fibroblast","Fibroblast","COL4A1","ITGA10","Ligand","Receptor",0.250521818787771
"Fibroblast","Fibroblast","COL4A1","ITGA11","Ligand","Receptor",0.266355489177939
"Fibroblast","Fibroblast","COL4A1","CD44","Ligand","Receptor",0.224706319724511
"Fibroblast","Fibroblast","COL4A1","SDC1","Ligand","Receptor",0.134758530904448
"Fibroblast","Fibroblast","FN1","ITGA5","Ligand","Receptor",0.969147979801754
"Fibroblast","Fibroblast","FN1","CD79A","Ligand","Receptor",0.802682573193417
"Fibroblast","Fibroblast","FN1","CD44","Ligand","Receptor",0.884401906858888
"Fibroblast","Fibroblast","FN1","SDC1","Ligand","Receptor",0.794454118038825
"Fibroblast","Fibroblast","FN1","SDC2","Ligand","Receptor",0.802682573193417
"Fibroblast","Fibroblast","COL1A2","ITGA10","Ligand","Receptor",0.607172381957474
"Fibroblast","Fibroblast","COL1A2","ITGA11","Ligand","Receptor",0.623006052347642
"Fibroblast","Fibroblast","COL1A2","CD44","Ligand","Receptor",0.581356882894214
"Fibroblast","Fibroblast","COL1A2","SDC1","Ligand","Receptor",0.491409094074151
"Fibroblast","Fibroblast","COL4A2","ITGA10","Ligand","Receptor",0.224012329394193
"Fibroblast","Fibroblast","COL4A2","ITGA11","Ligand","Receptor",0.239845999784361
"Fibroblast","Fibroblast","COL4A2","CD44","Ligand","Receptor",0.198196830330933
"Fibroblast","Fibroblast","COL4A2","SDC1","Ligand","Receptor",0.10824904151087
"Fibroblast","Fibroblast","LAMC1","CD44","Ligand","Receptor",0.198487022171041
"Fibroblast","Fibroblast","COL6A1","ITGA10","Ligand","Receptor",0.499629791457645
"Fibroblast","Fibroblast","COL6A1","ITGA11","Ligand","Receptor",0.515463461847813
"Fibroblast","Fibroblast","COL6A1","CD44","Ligand","Receptor",0.473814292394386
"Fibroblast","Fibroblast","COL6A1","SDC1","Ligand","Receptor",0.383866503574322
"Fibroblast","Fibroblast","COL6A2","ITGA10","Ligand","Receptor",0.275876543972149
"Fibroblast","Fibroblast","COL6A2","ITGA11","Ligand","Receptor",0.291710214362317
"Fibroblast","Fibroblast","COL6A2","CD44","Ligand","Receptor",0.250061044908889
"Fibroblast","Fibroblast","COL6A3","ITGA10","Ligand","Receptor",0.169436546984265
"Fibroblast","Fibroblast","COL6A3","ITGA11","Ligand","Receptor",0.185270217374433
"Fibroblast","Fibroblast","HSPG2","ITGB1","Ligand","Receptor",0.311620818216244
"Fibroblast","Fibroblast","LAMA4","CD44","Ligand","Receptor",0.229051887049926
"Fibroblast","Fibroblast","TGFB1","ITGB1","Ligand","Receptor",0.305685752118939
"Fibroblast","Fibroblast","LGALS1","ITGB1","Ligand","Receptor",2.11835016630863
"Fibroblast","Fibroblast","SPP1","ITGA5","Ligand","Receptor",0.338233715073128
"Fibroblast","Fibroblast","SPP1","CD44","Ligand","Receptor",0.253487642130263
"Fibroblast","Fibroblast","MIF","CD44","Ligand","Receptor",0.202892158215037
"Fibroblast","Fibroblast","VEGFA","ITGB1","Ligand","Receptor",0.283629192165326
"Fibroblast","Fibroblast","COL12A1","ITGA10","Ligand","Receptor",0.16656715015442
"Fibroblast","Fibroblast","COL12A1","ITGA11","Ligand","Receptor",0.182400820544588
"Fibroblast","Fibroblast","CLEC11A","ITGB1","Ligand","Receptor",0.388057823114176
"Fibroblast","Fibroblast","CLEC11A","ITGA11","Ligand","Receptor",0.190425141043224
"Fibroblast","Fibroblast","COL3A1","ITGA10","Ligand","Receptor",0.196542011238086
"Fibroblast","Fibroblast","COL5A1","ITGA10","Ligand","Receptor",0.283234265248069
"Fibroblast","Fibroblast","COL5A2","ITGA10","Ligand","Receptor",0.19387555619407
"Fibroblast","Fibroblast","COL8A1","ITGA10","Ligand","Receptor",0.193070644439663
"Fibroblast","Fibroblast","COL3A1","ITGA11","Ligand","Receptor",0.212375681628254
"Fibroblast","Fibroblast","COL5A1","ITGA11","Ligand","Receptor",0.299067935638237
"Fibroblast","Fibroblast","COL5A2","ITGA11","Ligand","Receptor",0.209709226584238
"Fibroblast","Fibroblast","COL8A1","ITGA11","Ligand","Receptor",0.208904314829831
"Fibroblast","Fibroblast","CD38","PECAM1","Ligand","Receptor",0.0551167250361922
"Fibroblast","Fibroblast","HRAS","CAV1","Ligand","Receptor",0.321017208408633
"Fibroblast","Fibroblast","TGFB1","ENG","Ligand","Receptor",0.189615408828629
"Fibroblast","Fibroblast","INHBA","ENG","Ligand","Receptor",0.273037812433615
"Fibroblast","Fibroblast","TIMP2","ITGB1","Ligand","Receptor",0.399391500878394
"Fibroblast","Fibroblast","HAS2","CD44","Ligand","Receptor",0.137415019854193
"Fibroblast","Fibroblast","GNAI2","CAV1","Ligand","Receptor",0.322486037672487
"Fibroblast","Fibroblast","TGM2","ITGB1","Ligand","Receptor",0.426218602358066
"Fibroblast","Fibroblast","FN1","NT5E","Ligand","Receptor",0.829091339570743
"Fibroblast","Fibroblast","VIM","CD44","Ligand","Receptor",0.776604929978159
"Fibroblast","Fibroblast","MMP2","PECAM1","Ligand","Receptor",0.363206212141428
"Fibroblast","Fibroblast","MMP2","FGFR1","Ligand","Receptor",0.422194887227439
"Fibroblast","Fibroblast","TGFB1","SMAD3","Ligand","Receptor",0.0816768497603818
"Fibroblast","Fibroblast","TGFB1","CAV1","Ligand","Receptor",0.255569638346778
"Fibroblast","Fibroblast","INHBA","SMAD3","Ligand","Receptor",0.165099253365367
"Fibroblast","Fibroblast","TIMP2","CD44","Ligand","Receptor",0.25892599038949
"Fibroblast","Fibroblast","TIMP3","CD44","Ligand","Receptor",0.142129255900223
"Fibroblast","Fibroblast","PKM","CD44","Ligand","Receptor",0.56351932553898
"Fibroblast","Fibroblast","PDAP1","PDGFRB","Ligand","Receptor",0.311228078812273
"Fibroblast","Fibroblast","VEGFA","CD44","Ligand","Receptor",0.143163681676422
"Fibroblast","Fibroblast","SPARC","FGFR1","Ligand","Receptor",0.598512589452032
"Fibroblast","Fibroblast","SPARC","ENG","Ligand","Receptor",0.650709545836783
"Fibroblast","Fibroblast","INHBA","ACTR2","Ligand","Receptor",0.192935496290425
"Fibroblast","MSC","ADAM12","ITGB1","Ligand","Receptor",0.469512274257176
"Fibroblast","MSC","SEMA7A","ITGA1","Ligand","Receptor",0.286149806732703
"Fibroblast","MSC","APP","CD74","Ligand","Receptor",0.89414906925571
"Fibroblast","MSC","APP","LRP1","Ligand","Receptor",0.450511123393885
"Fibroblast","MSC","THBS1","CD36","Ligand","Receptor",0.116523563015147
"Fibroblast","MSC","THBS1","LRP1","Ligand","Receptor",0.448648368384077
"Fibroblast","MSC","THBS1","CD47","Ligand","Receptor",0.199583131735249
"Fibroblast","MSC","NCAM1","FGFR1","Ligand","Receptor",0.305047602074549
"Fibroblast","MSC","CD99","CD81","Ligand","Receptor",0.549361755640368
"Fibroblast","MSC","ADAM15","ITGB1","Ligand","Receptor",0.466953586167422
"Fibroblast","MSC","ALCAM","CHL1","Ligand","Receptor",0.441300227669851
"Fibroblast","MSC","ALCAM","NRP1","Ligand","Receptor",0.244114617023607
"Fibroblast","MSC","SEMA4C","PLXNB2","Ligand","Receptor",0.148096299397681
"Fibroblast","MSC","COL1A1","ITGA10","Ligand","Receptor",1.06787017525741
"Fibroblast","MSC","COL1A1","ITGA1","Ligand","Receptor",1.08889749797784
"Fibroblast","MSC","COL1A1","ITGA11","Ligand","Receptor",1.04037250638521
"Fibroblast","MSC","COL1A1","ITGA5","Ligand","Receptor",0.860014915220681
"Fibroblast","MSC","COL1A1","CD44","Ligand","Receptor",0.864871826984707
"Fibroblast","MSC","COL1A1","CD36","Ligand","Receptor",0.923517484479654
"Fibroblast","MSC","COL1A1","SDC1","Ligand","Receptor",0.888647715522335
"Fibroblast","MSC","COL1A1","DDR2","Ligand","Receptor",1.01369329807867
"Fibroblast","MSC","COL4A1","ITGA10","Ligand","Receptor",0.34816755366322
"Fibroblast","MSC","COL4A1","ITGA1","Ligand","Receptor",0.369194876383648
"Fibroblast","MSC","COL4A1","ITGA11","Ligand","Receptor",0.320669884791022
"Fibroblast","MSC","COL4A1","SDC1","Ligand","Receptor",0.168945093928146
"Fibroblast","MSC","COL4A1","CD47","Ligand","Receptor",0.286874431605567
"Fibroblast","MSC","FN1","ITGA5","Ligand","Receptor",0.978080838031446
"Fibroblast","MSC","FN1","CD44","Ligand","Receptor",0.804864792524896
"Fibroblast","MSC","FN1","SDC1","Ligand","Receptor",0.828640681062524
"Fibroblast","MSC","FN1","SDC2","Ligand","Receptor",0.865368994291082
"Fibroblast","MSC","FN1","PLAUR","Ligand","Receptor",0.975358322079734
"Fibroblast","MSC","COL1A2","ITGA10","Ligand","Receptor",0.704818116832924
"Fibroblast","MSC","COL1A2","ITGA1","Ligand","Receptor",0.725845439553351
"Fibroblast","MSC","COL1A2","ITGA11","Ligand","Receptor",0.677320447960725
"Fibroblast","MSC","COL1A2","CD44","Ligand","Receptor",0.501819768560221
"Fibroblast","MSC","COL1A2","CD36","Ligand","Receptor",0.560465426055168
"Fibroblast","MSC","COL1A2","SDC1","Ligand","Receptor",0.525595657097849
"Fibroblast","MSC","COL4A2","ITGA10","Ligand","Receptor",0.321658064269643
"Fibroblast","MSC","COL4A2","ITGA1","Ligand","Receptor",0.34268538699007
"Fibroblast","MSC","COL4A2","ITGA11","Ligand","Receptor",0.294160395397444
"Fibroblast","MSC","COL4A2","ITGB5","Ligand","Receptor",0.184137518175456
"Fibroblast","MSC","COL4A2","SDC1","Ligand","Receptor",0.142435604534568
"Fibroblast","MSC","LAMC1","ITGA1","Ligand","Receptor",0.21571224704618
"Fibroblast","MSC","COL6A1","ITGA10","Ligand","Receptor",0.597275526333095
"Fibroblast","MSC","COL6A1","ITGA1","Ligand","Receptor",0.618302849053523
"Fibroblast","MSC","COL6A1","ITGA11","Ligand","Receptor",0.569777857460896
"Fibroblast","MSC","COL6A1","CD44","Ligand","Receptor",0.394277178060393
"Fibroblast","MSC","COL6A1","SDC1","Ligand","Receptor",0.418053066598021
"Fibroblast","MSC","COL6A2","ITGA10","Ligand","Receptor",0.373522278847599
"Fibroblast","MSC","COL6A2","ITGA1","Ligand","Receptor",0.394549601568026
"Fibroblast","MSC","COL6A2","ITGA11","Ligand","Receptor",0.3460246099754
"Fibroblast","MSC","COL6A2","SDC1","Ligand","Receptor",0.194299819112524
"Fibroblast","MSC","COL6A3","ITGA10","Ligand","Receptor",0.267082281859715
"Fibroblast","MSC","COL6A3","ITGA1","Ligand","Receptor",0.288109604580143
"Fibroblast","MSC","COL6A3","ITGA11","Ligand","Receptor",0.239584612987516
"Fibroblast","MSC","HSPG2","ITGB1","Ligand","Receptor",0.442907196170476
"Fibroblast","MSC","HSPG2","FGFR1","Ligand","Receptor",0.33845885501957
"Fibroblast","MSC","HSPG2","SDC1","Ligand","Receptor",0.115394081930976
"Fibroblast","MSC","HSPG2","LRP1","Ligand","Receptor",0.482388656257224
"Fibroblast","MSC","HSPG2","PTPRS","Ligand","Receptor",0.485996155297406
"Fibroblast","MSC","DKK1","LRP6","Ligand","Receptor",0.0843571201785455
"Fibroblast","MSC","GDF11","ANTXR1","Ligand","Receptor",0.0623855194125505
"Fibroblast","MSC","TGFB1","TGFBR1","Ligand","Receptor",0.173004124643137
"Fibroblast","MSC","TGFB1","ITGB1","Ligand","Receptor",0.43697213007317
"Fibroblast","MSC","TGFB1","ITGB5","Ligand","Receptor",0.151160929474558
"Fibroblast","MSC","TGFB1","SDC2","Ligand","Receptor",0.146187329062229
"Fibroblast","MSC","TGFB1","TGFBR3","Ligand","Receptor",0.15112028330824
"Fibroblast","MSC","TGFB1","VASN","Ligand","Receptor",0.187011200564536
"Fibroblast","MSC","POMC","RAMP2","Ligand","Receptor",0.100299149024558
"Fibroblast","MSC","S100A8","ITGB2","Ligand","Receptor",0.423820072458821
"Fibroblast","MSC","S100A9","ITGB2","Ligand","Receptor",0.482830554625776
"Fibroblast","MSC","INHBA","TGFBR3","Ligand","Receptor",0.234542686913225
"Fibroblast","MSC","LGALS1","ITGB1","Ligand","Receptor",2.24963654426286
"Fibroblast","MSC","SPP1","ITGA5","Ligand","Receptor",0.34716657330282
"Fibroblast","MSC","SPP1","PTGER4","Ligand","Receptor",0.169570408229793
"Fibroblast","MSC","MIF","CD44","Ligand","Receptor",0.528408355744018
"Fibroblast","MSC","MIF","CXCR4","Ligand","Receptor",0.525024990133169
"Fibroblast","MSC","VEGFA","NRP1","Ligand","Receptor",0.213012498738115
"Fibroblast","MSC","VEGFA","NRP2","Ligand","Receptor",0.320663907232598
"Fibroblast","MSC","VEGFA","ITGB1","Ligand","Receptor",0.414915570119557
"Fibroblast","MSC","MDK","LRP1","Ligand","Receptor",0.540195452718851
"Fibroblast","MSC","FBLN1","ITGB1","Ligand","Receptor",0.408336766853312
"Fibroblast","MSC","BDNF","NTRK2","Ligand","Receptor",0.434572146768427
"Fibroblast","MSC","CALR","LRP1","Ligand","Receptor",0.574442524409802
"Fibroblast","MSC","GRN","TNFRSF1A","Ligand","Receptor",0.435260985149025
"Fibroblast","MSC","WNT5A","RYK","Ligand","Receptor",0.103849924413551
"Fibroblast","MSC","WNT5A","FZD5","Ligand","Receptor",0.124969072499186
"Fibroblast","MSC","WNT5A","ANTXR1","Ligand","Receptor",0.0888882230338899
"Fibroblast","MSC","VEGFB","NRP1","Ligand","Receptor",0.209126591925695
"Fibroblast","MSC","LUM","ITGB1","Ligand","Receptor",0.445242050309925
"Fibroblast","MSC","LGALS3BP","ITGB1","Ligand","Receptor",0.444246420934023
"Fibroblast","MSC","MFGE8","PDGFRB","Ligand","Receptor",0.540534165121054
"Fibroblast","MSC","FAM3C","LAMP1","Ligand","Receptor",0.252432031498653
"Fibroblast","MSC","FAM3C","LIFR","Ligand","Receptor",0.254369576078787
"Fibroblast","MSC","COL12A1","ITGA10","Ligand","Receptor",0.26421288502987
"Fibroblast","MSC","COL12A1","ITGA1","Ligand","Receptor",0.285240207750297
"Fibroblast","MSC","COL12A1","ITGA11","Ligand","Receptor",0.236715216157671
"Fibroblast","MSC","WNT5B","LRP6","Ligand","Receptor",0.106042648857468
"Fibroblast","MSC","LTBP3","ITGB5","Ligand","Receptor",0.122570921495936
"Fibroblast","MSC","CLEC11A","ITGA10","Ligand","Receptor",0.222762892059556
"Fibroblast","MSC","CLEC11A","ITGB1","Ligand","Receptor",0.519344201068408
"Fibroblast","MSC","COL8A1","ITGA1","Ligand","Receptor",0.31174370203554
"Fibroblast","MSC","COL5A2","ITGA1","Ligand","Receptor",0.312548613789947
"Fibroblast","MSC","COL5A1","ITGA1","Ligand","Receptor",0.401907322843947
"Fibroblast","MSC","COL3A1","ITGA1","Ligand","Receptor",0.315215068833963
"Fibroblast","MSC","COL3A1","ITGA10","Ligand","Receptor",0.294187746113535
"Fibroblast","MSC","COL5A1","ITGA10","Ligand","Receptor",0.380880000123519
"Fibroblast","MSC","COL5A2","ITGA10","Ligand","Receptor",0.29152129106952
"Fibroblast","MSC","COL8A1","ITGA10","Ligand","Receptor",0.290716379315113
"Fibroblast","MSC","COL3A1","ITGA11","Ligand","Receptor",0.266690077241337
"Fibroblast","MSC","COL5A1","ITGA11","Ligand","Receptor",0.35338233125132
"Fibroblast","MSC","COL5A2","ITGA11","Ligand","Receptor",0.264023622197321
"Fibroblast","MSC","COL8A1","ITGA11","Ligand","Receptor",0.263218710442914
"Fibroblast","MSC","ADAM12","SDC4","Ligand","Receptor",0.216544547795531
"Fibroblast","MSC","HRAS","INSR","Ligand","Receptor",0.157479675372173
"Fibroblast","MSC","HRAS","CAV1","Ligand","Receptor",0.241563863165117
"Fibroblast","MSC","TIMP1","CD63","Ligand","Receptor",1.49884624142527
"Fibroblast","MSC","TGFB1","ENG","Ligand","Receptor",0.194810233546068
"Fibroblast","MSC","SERPINE1","LRP1","Ligand","Receptor",0.478221912324368
"Fibroblast","MSC","INHBA","ENG","Ligand","Receptor",0.278232637151053
"Fibroblast","MSC","THBS1","SDC4","Ligand","Receptor",0.156199181835683
"Fibroblast","MSC","TIMP2","ITGB1","Ligand","Receptor",0.530677878832626
"Fibroblast","MSC","COL3A1","DDR2","Ligand","Receptor",0.240010868934796
"Fibroblast","MSC","FBN1","ITGB1","Ligand","Receptor",0.410202790095216
"Fibroblast","MSC","CTHRC1","FZD5","Ligand","Receptor",0.220457980028959
"Fibroblast","MSC","TGM2","ITGB1","Ligand","Receptor",0.557504980312297
"Fibroblast","MSC","TGM2","SDC4","Ligand","Receptor",0.304537253850652
"Fibroblast","MSC","TGM2","ADGRG1","Ligand","Receptor",0.197746843084367
"Fibroblast","MSC","SERPINE2","LRP1","Ligand","Receptor",0.535906429726262
"Fibroblast","MSC","LRPAP1","LRP1","Ligand","Receptor",0.485248601421248
"Fibroblast","MSC","PSAP","LRP1","Ligand","Receptor",0.532141479138604
"Fibroblast","MSC","FN1","NT5E","Ligand","Receptor",0.83391821157596
"Fibroblast","MSC","IGFBP4","LRP6","Ligand","Receptor",0.507777601216314
"Fibroblast","MSC","LTBP1","ITGB5","Ligand","Receptor",0.124029529704299
"Fibroblast","MSC","CCL5","SDC4","Ligand","Receptor",0.162564066967631
"Fibroblast","MSC","SERPING1","LRP1","Ligand","Receptor",0.458818292042832
"Fibroblast","MSC","FADD","FAS","Ligand","Receptor",0.0637666421752375
"Fibroblast","MSC","TLN1","ITGB5","Ligand","Receptor",0.268515164561925
"Fibroblast","MSC","MMP2","FGFR1","Ligand","Receptor",0.617300223705825
"Fibroblast","MSC","TGFB1","SMAD3","Ligand","Receptor",0.087346398908498
"Fibroblast","MSC","SERPINE1","PLAUR","Ligand","Receptor",0.25794497901533
"Fibroblast","MSC","SERPINE1","ITGB5","Ligand","Receptor",0.152929251639007
"Fibroblast","MSC","INHBA","SMAD3","Ligand","Receptor",0.170768802513483
"Fibroblast","MSC","PKM","CD44","Ligand","Receptor",0.483982211204987
"Fibroblast","MSC","BGN","LY96","Ligand","Receptor",0.245191752284975
"Fibroblast","MSC","PDAP1","PDGFRB","Ligand","Receptor",0.627187032426092
"Fibroblast","MSC","SPARC","FGFR1","Ligand","Receptor",0.793617925930418
"Fibroblast","MSC","SPARC","ENG","Ligand","Receptor",0.655904370554221
"Fibroblast","MSC","TGFB1","LPP","Ligand","Receptor",0.17843754853263
"Fibroblast","MSC","MFGE8","ITGB5","Ligand","Receptor",0.21357953308268
"Fibroblast","MSC","INHBA","ACTR2","Ligand","Receptor",0.195472249114968
"Fibroblast","Myeloid","THY1","ITGAM","Ligand","Receptor",0.196207502098147
"Fibroblast","Myeloid","CD99","PILRB","Ligand","Receptor",0.338530735753995
"Fibroblast","Myeloid","TGFB1","CXCR4","Ligand","Receptor",0.315571516460011
"Fibroblast","Myeloid","LGALS1","PTPRC","Ligand","Receptor",2.08049970474546
"Fibroblast","Myeloid","FSTL1","DIP2A","Ligand","Receptor",0.399105026621878
"Fibroblast","Myeloid","TGM2","ITGA4","Ligand","Receptor",0.286985648612589
"Fibroblast","Myeloid","GNAI2","S1PR4","Ligand","Receptor",0.342132191947664
"Fibroblast","Neural","DKK1","LRP6","Ligand","Receptor",0.0829021027238538
"Fibroblast","Neural","WNT5A","LRP6","Ligand","Receptor",0.0810608070679058
"Fibroblast","Neural","IGFBP4","LRP6","Ligand","Receptor",0.506322583761622
"MSC","Megakaryocyte","TNFSF12","TNFRSF25","Ligand","Receptor",0.0733602249218532
"MSC","Megakaryocyte","HLA-B","CD3D","Ligand","Receptor",2.06729279770102
"MSC","Megakaryocyte","HLA-B","CD3G","Ligand","Receptor",1.74677841723175
"MSC","Megakaryocyte","HLA-B","KLRD1","Ligand","Receptor",1.73368918300289
"MSC","Megakaryocyte","HLA-DRA","LAG3","Ligand","Receptor",0.163530096376412
"MSC","Megakaryocyte","HLA-DRB1","LAG3","Ligand","Receptor",0.318972317710825
"MSC","Megakaryocyte","THY1","ITGAM","Ligand","Receptor",0.241583636855436
"MSC","Megakaryocyte","HLA-A","CD3D","Ligand","Receptor",1.61670864089802
"MSC","Megakaryocyte","HLA-A","CD3G","Ligand","Receptor",1.29619426042875
"MSC","Megakaryocyte","APP","CD74","Ligand","Receptor",1.41877247228971
"MSC","Megakaryocyte","APP","RPSA","Ligand","Receptor",1.60900371315557
"MSC","Megakaryocyte","APP","PTGER2","Ligand","Receptor",0.461708291743509
"MSC","Megakaryocyte","THBS1","ITGA4","Ligand","Receptor",0.224823392182742
"MSC","Megakaryocyte","THBS1","CD47","Ligand","Receptor",0.178656970568402
"MSC","Megakaryocyte","CD14","ITGB2","Ligand","Receptor",0.390201238661685
"MSC","Megakaryocyte","CD14","ITGA4","Ligand","Receptor",0.214866062245164
"MSC","Megakaryocyte","HLA-C","CD3D","Ligand","Receptor",1.3963071534521
"MSC","Megakaryocyte","HLA-C","CD3G","Ligand","Receptor",1.07579277298283
"MSC","Megakaryocyte","ICAM2","ITGAM","Ligand","Receptor",0.352668699499844
"MSC","Megakaryocyte","HLA-E","KLRC1","Ligand","Receptor",0.906443692154283
"MSC","Megakaryocyte","CD99","PILRB","Ligand","Receptor",0.438773045541477
"MSC","Megakaryocyte","VCAM1","ITGA4","Ligand","Receptor",1.02258751420878
"MSC","Megakaryocyte","VCAM1","ITGA4","Ligand","Receptor",1.0423670020886
"MSC","Megakaryocyte","HLA-DPA1","LAG3","Ligand","Receptor",0.176380787920973
"MSC","Megakaryocyte","BAG6","NCR3","Ligand","Receptor",0.121751297899144
"MSC","Megakaryocyte","B2M","CD3D","Ligand","Receptor",2.89181268416045
"MSC","Megakaryocyte","B2M","CD3G","Ligand","Receptor",2.57129830369118
"MSC","Megakaryocyte","B2M","CD247","Ligand","Receptor",2.50432766118999
"MSC","Megakaryocyte","B2M","KLRC1","Ligand","Receptor",2.55552218330856
"MSC","Megakaryocyte","B2M","KLRD1","Ligand","Receptor",2.55820906946232
"MSC","Megakaryocyte","SELPLG","ITGB2","Ligand","Receptor",0.337511918222776
"MSC","Megakaryocyte","SELPLG","ITGAM","Ligand","Receptor",0.0608966203748253
"MSC","Megakaryocyte","SELPLG","SELL","Ligand","Receptor",0.0808923749068125
"MSC","Megakaryocyte","HLA-DRB5","LAG3","Ligand","Receptor",0.113029637842013
"MSC","Megakaryocyte","JAM3","ITGAM","Ligand","Receptor",0.19811404331186
"MSC","Megakaryocyte","CLEC2D","KLRB1","Ligand","Receptor",0.238107628890291
"MSC","Megakaryocyte","ADAM28","ITGA4","Ligand","Receptor",0.396515621417463
"MSC","Megakaryocyte","LAMB1","CD44","Ligand","Receptor",0.136907285891114
"MSC","Megakaryocyte","COL1A2","CD44","Ligand","Receptor",0.695437358553835
"MSC","Megakaryocyte","COL6A1","CD44","Ligand","Receptor",0.411123320895
"MSC","Megakaryocyte","COL6A2","CD44","Ligand","Receptor",0.318946563727262
"MSC","Megakaryocyte","COL6A3","CD44","Ligand","Receptor",0.20152575725747
"MSC","Megakaryocyte","LAMB2","RPSA","Ligand","Receptor",1.26240613501
"MSC","Megakaryocyte","LAMB2","CD44","Ligand","Receptor",0.132600205475475
"MSC","Megakaryocyte","LAMA4","CD44","Ligand","Receptor",0.297092038172633
"MSC","Megakaryocyte","HP","ITGB2","Ligand","Receptor",0.716295787029487
"MSC","Megakaryocyte","HP","ITGAM","Ligand","Receptor",0.439680489181536
"MSC","Megakaryocyte","TGFB1","CXCR4","Ligand","Receptor",0.185289852187515
"MSC","Megakaryocyte","IGF2","IGF2R","Ligand","Receptor",0.453864691147566
"MSC","Megakaryocyte","IGF1","IGF2R","Ligand","Receptor",0.135692805601483
"MSC","Megakaryocyte","SPP1","ITGA4","Ligand","Receptor",0.336146739345871
"MSC","Megakaryocyte","SPP1","CD44","Ligand","Receptor",0.24640079525286
"MSC","Megakaryocyte","SPP1","PTGER4","Ligand","Receptor",0.228925711836514
"MSC","Megakaryocyte","VCAN","ITGB1","Ligand","Receptor",1.14167467660699
"MSC","Megakaryocyte","VCAN","ITGA4","Ligand","Receptor",1.12979286445114
"MSC","Megakaryocyte","VCAN","SELL","Ligand","Receptor",1.0485084975517
"MSC","Megakaryocyte","VCAN","CD44","Ligand","Receptor",1.04598782643606
"MSC","Megakaryocyte","CD59","CD2","Ligand","Receptor",0.347873679531559
"MSC","Megakaryocyte","MIF","CD44","Ligand","Receptor",0.71862998772456
"MSC","Megakaryocyte","MIF","CXCR4","Ligand","Receptor",0.756318476027687
"MSC","Megakaryocyte","MIF","TNFRSF14","Ligand","Receptor",0.390607311240798
"MSC","Megakaryocyte","NID1","ITGB1","Ligand","Receptor",0.391891806935806
"MSC","Megakaryocyte","LGALS3","LAG3","Ligand","Receptor",0.220577317647356
"MSC","Megakaryocyte","MDK","ITGA4","Ligand","Receptor",0.986277426489742
"MSC","Megakaryocyte","FBLN1","ITGB1","Ligand","Receptor",0.509034264732351
"MSC","Megakaryocyte","GRN","TNFRSF1B","Ligand","Receptor",0.302283132540431
"MSC","Megakaryocyte","CXCL12","ITGB1","Ligand","Receptor",2.18572764002686
"MSC","Megakaryocyte","CXCL12","ITGA4","Ligand","Receptor",2.173845827871
"MSC","Megakaryocyte","CXCL12","CXCR3","Ligand","Receptor",2.19461466462929
"MSC","Megakaryocyte","CXCL12","CXCR4","Ligand","Receptor",2.16541776646217
"MSC","Megakaryocyte","LUM","ITGB1","Ligand","Receptor",0.771068308002231
"MSC","Megakaryocyte","COPA","CD74","Ligand","Receptor",1.04420491648055
"MSC","Megakaryocyte","LGALS3BP","ITGB1","Ligand","Receptor",0.446300448204105
"MSC","Megakaryocyte","GAS6","AXL","Ligand","Receptor",0.774349864093914
"MSC","Megakaryocyte","ANGPT1","ITGB1","Ligand","Receptor",0.387622731416357
"MSC","Megakaryocyte","FAM3C","CLEC2D","Ligand","Receptor",0.150591459583926
"MSC","Megakaryocyte","SPON2","ITGB2","Ligand","Receptor",0.37562473156629
"MSC","Megakaryocyte","SPON2","ITGAM","Ligand","Receptor",0.0990094337183389
"MSC","Megakaryocyte","SPON2","ITGA4","Ligand","Receptor",0.200289555149768
"MSC","Megakaryocyte","HMGB1","HAVCR2","Ligand","Receptor",0.636425559401633
"MSC","Megakaryocyte","APOE","SORL1","Ligand","Receptor",1.78971084812295
"MSC","Megakaryocyte","FSTL1","DIP2A","Ligand","Receptor",0.703966902900266
"MSC","Megakaryocyte","TIMP1","CD63","Ligand","Receptor",0.905749810514807
"MSC","Megakaryocyte","COL14A1","CD44","Ligand","Receptor",0.267363355827443
"MSC","Megakaryocyte","FBN1","ITGB1","Ligand","Receptor",0.562961869007331
"MSC","Megakaryocyte","CFH","ITGAM","Ligand","Receptor",0.308228854380233
"MSC","Megakaryocyte","LRPAP1","SORL1","Ligand","Receptor",0.20051635418445
"MSC","Megakaryocyte","CP","SLC40A1","Ligand","Receptor",0.796731993028317
"MSC","Megakaryocyte","VIM","CD44","Ligand","Receptor",1.36953574045923
"MSC","Megakaryocyte","TIMP2","CD44","Ligand","Receptor",0.291019845654313
"MSC","Megakaryocyte","TIMP3","CD44","Ligand","Receptor",0.16808552553822
"MSC","Megakaryocyte","LPL","CD44","Ligand","Receptor",0.420540639970912
"MSC","Megakaryocyte","HMGB1","CXCR4","Ligand","Receptor",0.729277619424233
"MSC","Megakaryocyte","TGM2","ITGA4","Ligand","Receptor",0.167642189786255
"MSC","Megakaryocyte","MDK","SORL1","Ligand","Receptor",0.88130943274809
"MSC","Megakaryocyte","BGN","LY96","Ligand","Receptor",0.427543198909031
"MSC","Megakaryocyte","MDK","NCL","Ligand","Receptor",0.928363089318784
"MSC","Megakaryocyte","SPP1","S1PR1","Ligand","Receptor",0.231178745604219
"MSC","Fibroblast","ADAM10","MET","Ligand","Receptor",0.134999233582338
"MSC","Fibroblast","ADAM10","CD44","Ligand","Receptor",0.194587310768943
"MSC","Fibroblast","ADAM10","AXL","Ligand","Receptor",0.258005402632013
"MSC","Fibroblast","ADAM10","NOTCH2","Ligand","Receptor",0.140373557377684
"MSC","Fibroblast","ADAM12","ITGB1","Ligand","Receptor",0.289291109025543
"MSC","Fibroblast","TNFSF12","TNFRSF12A","Ligand","Receptor",0.130307821058482
"MSC","Fibroblast","APP","RPSA","Ligand","Receptor",1.78785069472468
"MSC","Fibroblast","APP","GPC1","Ligand","Receptor",0.482429174500737
"MSC","Fibroblast","APP","NOTCH2","Ligand","Receptor",0.484025468426381
"MSC","Fibroblast","APP","LRP1","Ligand","Receptor",0.450563885827399
"MSC","Fibroblast","APP","LRP10","Ligand","Receptor",0.456323900422927
"MSC","Fibroblast","ITGB2","THY1","Ligand","Receptor",0.418163645735515
"MSC","Fibroblast","THBS1","SDC1","Ligand","Receptor",0.11011200354419
"MSC","Fibroblast","CD14","ITGB1","Ligand","Receptor",0.330567972915579
"MSC","Fibroblast","CD99","CD81","Ligand","Receptor",0.431006124455045
"MSC","Fibroblast","B2M","TFRC","Ligand","Receptor",2.51300905518501
"MSC","Fibroblast","ADAM17","ITGB1","Ligand","Receptor",0.384066343780817
"MSC","Fibroblast","ADAM17","MET","Ligand","Receptor",0.184012756105308
"MSC","Fibroblast","ADAM17","ITGA5","Ligand","Receptor",0.272627468688739
"MSC","Fibroblast","ADAM15","ITGB1","Ligand","Receptor",0.308415315260829
"MSC","Fibroblast","ADAM15","ITGA5","Ligand","Receptor",0.196976440168752
"MSC","Fibroblast","JAM3","ITGB1","Ligand","Receptor",0.276788426489729
"MSC","Fibroblast","COL4A1","ITGA10","Ligand","Receptor",0.217454795150335
"MSC","Fibroblast","COL4A1","ITGA11","Ligand","Receptor",0.233288465540503
"MSC","Fibroblast","COL4A1","CD44","Ligand","Receptor",0.191639296087076
"MSC","Fibroblast","LAMB1","CD44","Ligand","Receptor",0.195948724087707
"MSC","Fibroblast","COL1A2","ITGA10","Ligand","Receptor",0.780294295813689
"MSC","Fibroblast","COL1A2","ITGA11","Ligand","Receptor",0.796127966203857
"MSC","Fibroblast","COL1A2","CD44","Ligand","Receptor",0.754478796750429
"MSC","Fibroblast","COL1A2","SDC1","Ligand","Receptor",0.664531007930366
"MSC","Fibroblast","LAMC1","CD44","Ligand","Receptor",0.224737506596237
"MSC","Fibroblast","COL6A1","ITGA10","Ligand","Receptor",0.495980258154853
"MSC","Fibroblast","COL6A1","ITGA11","Ligand","Receptor",0.511813928545021
"MSC","Fibroblast","COL6A1","CD44","Ligand","Receptor",0.470164759091594
"MSC","Fibroblast","COL6A1","SDC1","Ligand","Receptor",0.380216970271531
"MSC","Fibroblast","COL6A2","ITGA10","Ligand","Receptor",0.403803500987116
"MSC","Fibroblast","COL6A2","ITGA11","Ligand","Receptor",0.419637171377284
"MSC","Fibroblast","COL6A2","CD44","Ligand","Receptor",0.377988001923856
"MSC","Fibroblast","COL6A2","SDC1","Ligand","Receptor",0.288040213103793
"MSC","Fibroblast","COL6A3","ITGA10","Ligand","Receptor",0.286382694517323
"MSC","Fibroblast","COL6A3","ITGA11","Ligand","Receptor",0.302216364907491
"MSC","Fibroblast","COL6A3","CD44","Ligand","Receptor",0.260567195454063
"MSC","Fibroblast","COL6A3","SDC1","Ligand","Receptor",0.170619406634
"MSC","Fibroblast","TNC","ITGA5","Ligand","Receptor",0.460646123968692
"MSC","Fibroblast","TNC","SDC1","Ligand","Receptor",0.341671699751802
"MSC","Fibroblast","LAMB2","RPSA","Ligand","Receptor",1.44125311657911
"MSC","Fibroblast","LAMB2","CD44","Ligand","Receptor",0.191641643672069
"MSC","Fibroblast","HSPG2","ITGB1","Ligand","Receptor",0.373063580143281
"MSC","Fibroblast","HSPG2","FGFR1","Ligand","Receptor",0.20479628046822
"MSC","Fibroblast","HSPG2","SDC1","Ligand","Receptor",0.142650280834314
"MSC","Fibroblast","LAMA4","CD44","Ligand","Receptor",0.356133476369227
"MSC","Fibroblast","TGFB1","ITGB1","Ligand","Receptor",0.309419824266759
"MSC","Fibroblast","APOE","SDC2","Ligand","Receptor",1.78225500230271
"MSC","Fibroblast","APOE","LRP1","Ligand","Receptor",1.77629899997794
"MSC","Fibroblast","APOE","LSR","Ligand","Receptor",1.78081412978129
"MSC","Fibroblast","TF","TFRC","Ligand","Receptor",0.503480212095072
"MSC","Fibroblast","TF","TFR2","Ligand","Receptor",0.472989158244803
"MSC","Fibroblast","DCN","MET","Ligand","Receptor",0.947081110582937
"MSC","Fibroblast","SPP1","ITGA5","Ligand","Receptor",0.390188306392319
"MSC","Fibroblast","SPP1","CD44","Ligand","Receptor",0.305442233449454
"MSC","Fibroblast","VCAN","ITGB1","Ligand","Receptor",1.24549477512155
"MSC","Fibroblast","VCAN","CD44","Ligand","Receptor",1.10502926463265
"MSC","Fibroblast","MIF","CD44","Ligand","Receptor",0.3200349740867
"MSC","Fibroblast","MIF","CXCR4","Ligand","Receptor",0.288345119415529
"MSC","Fibroblast","MIF","TNFRSF14","Ligand","Receptor",0.219094924465676
"MSC","Fibroblast","NID1","ITGB1","Ligand","Receptor",0.495711905450365
"MSC","Fibroblast","VEGFA","ITGB1","Ligand","Receptor",0.306588166845455
"MSC","Fibroblast","VEGFA","GPC1","Ligand","Receptor",0.110312609039648
"MSC","Fibroblast","MDK","SDC1","Ligand","Receptor",0.865625131773262
"MSC","Fibroblast","MDK","SDC2","Ligand","Receptor",0.873853586927853
"MSC","Fibroblast","MDK","NOTCH2","Ligand","Receptor",0.901359167202066
"MSC","Fibroblast","MDK","LRP1","Ligand","Receptor",0.867897584603084
"MSC","Fibroblast","FGF7","FGFR1","Ligand","Receptor",0.346752236827873
"MSC","Fibroblast","FBLN1","ITGB1","Ligand","Receptor",0.61285436324691
"MSC","Fibroblast","CALR","LRP1","Ligand","Receptor",0.430801381706851
"MSC","Fibroblast","CXCL12","ITGB1","Ligand","Receptor",2.28954773854142
"MSC","Fibroblast","CXCL12","ITGA5","Ligand","Receptor",2.17810886344934
"MSC","Fibroblast","CXCL12","CXCR4","Ligand","Receptor",2.08570251871017
"MSC","Fibroblast","PGF","NRP2","Ligand","Receptor",0.401584773028913
"MSC","Fibroblast","VEGFC","NRP2","Ligand","Receptor",0.173547428658283
"MSC","Fibroblast","VEGFC","ITGB1","Ligand","Receptor",0.343275053858658
"MSC","Fibroblast","LUM","ITGB1","Ligand","Receptor",0.87488840651679
"MSC","Fibroblast","LGALS3BP","ITGB1","Ligand","Receptor",0.550120546718664
"MSC","Fibroblast","GAS6","AXL","Ligand","Receptor",0.85514358719791
"MSC","Fibroblast","ANGPT1","ITGB1","Ligand","Receptor",0.491442829930916
"MSC","Fibroblast","ANGPT1","ITGA5","Ligand","Receptor",0.380003954838839
"MSC","Fibroblast","COL12A1","ITGA10","Ligand","Receptor",0.194803847476861
"MSC","Fibroblast","COL12A1","ITGA11","Ligand","Receptor",0.210637517867029
"MSC","Fibroblast","SPON2","ITGB1","Ligand","Receptor",0.315991465820183
"MSC","Fibroblast","SPON2","ITGA5","Ligand","Receptor",0.204552590728106
"MSC","Fibroblast","ANGPTL4","ITGA5","Ligand","Receptor",0.518654174132271
"MSC","Fibroblast","ANGPTL4","SDC1","Ligand","Receptor",0.343960312369342
"MSC","Fibroblast","ANGPTL4","SDC2","Ligand","Receptor",0.352188767523934
"MSC","Fibroblast","ANGPTL2","ITGA5","Ligand","Receptor",0.285702819154718
"MSC","Fibroblast","CLEC11A","ITGA10","Ligand","Receptor",0.265521696837734
"MSC","Fibroblast","CLEC11A","ITGB1","Ligand","Receptor",0.494821719689022
"MSC","Fibroblast","CLEC11A","ITGA11","Ligand","Receptor",0.29718903761807
"MSC","Fibroblast","COL14A1","ITGA10","Ligand","Receptor",0.352220293087296
"MSC","Fibroblast","COL3A1","ITGA10","Ligand","Receptor",0.473476070963405
"MSC","Fibroblast","COL5A1","ITGA10","Ligand","Receptor",0.165581277257686
"MSC","Fibroblast","COL5A2","ITGA10","Ligand","Receptor",0.217986295069955
"MSC","Fibroblast","COL8A1","ITGA10","Ligand","Receptor",0.184277637916503
"MSC","Fibroblast","COL14A1","ITGA11","Ligand","Receptor",0.368053963477464
"MSC","Fibroblast","COL3A1","ITGA11","Ligand","Receptor",0.489309741353573
"MSC","Fibroblast","COL5A1","ITGA11","Ligand","Receptor",0.181414947647854
"MSC","Fibroblast","COL5A2","ITGA11","Ligand","Receptor",0.233819965460123
"MSC","Fibroblast","COL8A1","ITGA11","Ligand","Receptor",0.200111308306671
"MSC","Fibroblast","TIMP1","CD63","Ligand","Receptor",1.06358984614065
"MSC","Fibroblast","TGFB1","ENG","Ligand","Receptor",0.19334948097645
"MSC","Fibroblast","TFPI","LRP1","Ligand","Receptor",0.300373017805661
"MSC","Fibroblast","TIMP2","ITGB1","Ligand","Receptor",0.49052679433981
"MSC","Fibroblast","COL14A1","CD44","Ligand","Receptor",0.326404794024036
"MSC","Fibroblast","COL3A1","DDR2","Ligand","Receptor",0.365404862804007
"MSC","Fibroblast","LPL","SDC1","Ligand","Receptor",0.389634289347443
"MSC","Fibroblast","FBN1","ITGB1","Ligand","Receptor",0.66678196752189
"MSC","Fibroblast","HMGB1","SDC1","Ligand","Receptor",0.622994292194511
"MSC","Fibroblast","LPL","LRP1","Ligand","Receptor",0.391906742177265
"MSC","Fibroblast","PSAP","LRP1","Ligand","Receptor",0.484965556440725
"MSC","Fibroblast","HLA-B","CANX","Ligand","Receptor",1.71618202917622
"MSC","Fibroblast","FBN1","ITGA5","Ligand","Receptor",0.555343092429813
"MSC","Fibroblast","VIM","CD44","Ligand","Receptor",1.42857717865583
"MSC","Fibroblast","BMP4","RGMB","Ligand","Receptor",0.109454643777283
"MSC","Fibroblast","SERPING1","LRP1","Ligand","Receptor",0.616406052958246
"MSC","Fibroblast","MTMR4","SMAD3","Ligand","Receptor",0.069491069155841
"MSC","Fibroblast","TGFB1","CAV1","Ligand","Receptor",0.259303710494599
"MSC","Fibroblast","LMAN1","MCFD2","Ligand","Receptor",0.173075856647564
"MSC","Fibroblast","TIMP2","CD44","Ligand","Receptor",0.350061283850906
"MSC","Fibroblast","TIMP3","CD44","Ligand","Receptor",0.227126963734813
"MSC","Fibroblast","TIMP3","MET","Ligand","Receptor",0.167538886548208
"MSC","Fibroblast","INHBB","SMAD3","Ligand","Receptor",0.112549997429508
"MSC","Fibroblast","LPL","CD44","Ligand","Receptor",0.479582078167506
"MSC","Fibroblast","PSEN1","CD44","Ligand","Receptor",0.14415308419306
"MSC","Fibroblast","HMGB1","CXCR4","Ligand","Receptor",0.649562371672231
"MSC","Fibroblast","HSP90B1","LRP1","Ligand","Receptor",0.512021276939402
"MSC","Fibroblast","VEGFC","CCBE1","Ligand","Receptor",0.120335195888698
"MSC","Fibroblast","NAMPT","ITGA5","Ligand","Receptor",0.292309217930628
"MSC","Fibroblast","MDK","NCL","Ligand","Receptor",0.872816639307133
"MSC","Fibroblast","BMP5","PTPRD","Ligand","Receptor",0.471982364909559
"MSC","Fibroblast","VEGFA","CD44","Ligand","Receptor",0.166122656356552
"MSC","Fibroblast","LGALS3","ENG","Ligand","Receptor",0.322955212190699
"MSC","Fibroblast","MAML2","NOTCH2","Ligand","Receptor",0.135006731422732
"MSC","Fibroblast","MAML2","NOTCH3","Ligand","Receptor",0.104908921054946
"MSC","Fibroblast","CSF1","CSF3R","Ligand","Receptor",0.350823430394025
"MSC","MSC","ADAM10","NOTCH2","Ligand","Receptor",0.151134819753661
"MSC","MSC","ADAM10","TSPAN17","Ligand","Receptor",0.103915576422232
"MSC","MSC","ADAM12","ITGB1","Ligand","Receptor",0.420577486979774
"MSC","MSC","TNFSF12","TNFRSF25","Ligand","Receptor",0.0841375780193088
"MSC","MSC","SEMA7A","ITGA1","Ligand","Receptor",0.283604101876007
"MSC","MSC","HLA-DRA","CD4","Ligand","Receptor",0.158247025404692
"MSC","MSC","HLA-DRB1","CD4","Ligand","Receptor",0.313689246739105
"MSC","MSC","HLA-A","APLP2","Ligand","Receptor",1.3474564705564
"MSC","MSC","APP","LRP6","Ligand","Receptor",0.452123086818676
"MSC","MSC","APP","CD74","Ligand","Receptor",1.29311051620935
"MSC","MSC","APP","GPC1","Ligand","Receptor",0.441449131471385
"MSC","MSC","APP","NOTCH2","Ligand","Receptor",0.494786730802358
"MSC","MSC","APP","APLP2","Ligand","Receptor",0.589492577180581
"MSC","MSC","APP","LRP1","Ligand","Receptor",0.849472570347524
"MSC","MSC","APP","LRP10","Ligand","Receptor",0.543790283620452
"MSC","MSC","APP","NCSTN","Ligand","Receptor",0.495595207582706
"MSC","MSC","ITGB2","THY1","Ligand","Receptor",0.427994816546955
"MSC","MSC","THBS1","CD36","Ligand","Receptor",0.179168335525207
"MSC","MSC","THBS1","SDC1","Ligand","Receptor",0.144298566567888
"MSC","MSC","THBS1","LRP1","Ligand","Receptor",0.511293140894137
"MSC","MSC","THBS1","CD47","Ligand","Receptor",0.262227904245309
"MSC","MSC","CD14","ITGB2","Ligand","Receptor",0.438304769429229
"MSC","MSC","CD14","ITGB1","Ligand","Receptor",0.46185435086981
"MSC","MSC","NCAM1","FGFR1","Ligand","Receptor",0.31224709281949
"MSC","MSC","CD99","CD81","Ligand","Receptor",0.731219552885142
"MSC","MSC","CD99","PILRB","Ligand","Receptor",0.430542855507196
"MSC","MSC","HLA-DPA1","CD4","Ligand","Receptor",0.171097716949253
"MSC","MSC","KITLG","KIT","Ligand","Receptor",0.305356086871736
"MSC","MSC","KITLG","EPOR","Ligand","Receptor",0.337010588449738
"MSC","MSC","HLA-DMA","CD4","Ligand","Receptor",0.146404123264289
"MSC","MSC","B2M","TFRC","Ligand","Receptor",2.48519102345692
"MSC","MSC","ADAM17","ITGB1","Ligand","Receptor",0.515352721735048
"MSC","MSC","ADAM17","ITGA5","Ligand","Receptor",0.159206807193893
"MSC","MSC","ADAM15","ITGB1","Ligand","Receptor",0.43970169321506
"MSC","MSC","SELPLG","ITGB2","Ligand","Receptor",0.38561544899032
"MSC","MSC","HLA-DRB5","CD4","Ligand","Receptor",0.107746566870293
"MSC","MSC","JAM3","ITGB1","Ligand","Receptor",0.40807480444396
"MSC","MSC","SEMA4C","PLXNB2","Ligand","Receptor",0.161967926378356
"MSC","MSC","SEMA4A","PLXNA3","Ligand","Receptor",0.170334987523908
"MSC","MSC","SEMA4A","PLXNB2","Ligand","Receptor",0.172687667705249
"MSC","MSC","SEMA4A","PLXND1","Ligand","Receptor",0.126539416575046
"MSC","MSC","COL4A1","ITGA10","Ligand","Receptor",0.315100530025785
"MSC","MSC","COL4A1","ITGA1","Ligand","Receptor",0.336127852746213
"MSC","MSC","COL4A1","ITGA11","Ligand","Receptor",0.287602861153586
"MSC","MSC","COL4A1","SDC1","Ligand","Receptor",0.135878070290711
"MSC","MSC","COL4A1","CD47","Ligand","Receptor",0.253807407968131
"MSC","MSC","FN1","PLAUR","Ligand","Receptor",0.439438788321326
"MSC","MSC","LAMB1","ITGA1","Ligand","Receptor",0.213173948962846
"MSC","MSC","COL1A2","ITGA10","Ligand","Receptor",0.877940030689138
"MSC","MSC","COL1A2","ITGA1","Ligand","Receptor",0.898967353409566
"MSC","MSC","COL1A2","ITGA11","Ligand","Receptor",0.85044236181694
"MSC","MSC","COL1A2","CD44","Ligand","Receptor",0.674941682416436
"MSC","MSC","COL1A2","CD36","Ligand","Receptor",0.733587339911383
"MSC","MSC","COL1A2","SDC1","Ligand","Receptor",0.698717570954064
"MSC","MSC","LAMC1","ITGA1","Ligand","Receptor",0.241962731471376
"MSC","MSC","COL6A1","ITGA10","Ligand","Receptor",0.593625993030303
"MSC","MSC","COL6A1","ITGA1","Ligand","Receptor",0.614653315750731
"MSC","MSC","COL6A1","ITGA11","Ligand","Receptor",0.566128324158105
"MSC","MSC","COL6A1","CD44","Ligand","Receptor",0.390627644757601
"MSC","MSC","COL6A1","SDC1","Ligand","Receptor",0.414403533295229
"MSC","MSC","COL6A2","ITGA10","Ligand","Receptor",0.501449235862565
"MSC","MSC","COL6A2","ITGA1","Ligand","Receptor",0.522476558582993
"MSC","MSC","COL6A2","ITGA11","Ligand","Receptor",0.473951566990367
"MSC","MSC","COL6A2","CD44","Ligand","Receptor",0.298450887589863
"MSC","MSC","COL6A2","SDC1","Ligand","Receptor",0.322226776127491
"MSC","MSC","COL6A3","ITGA10","Ligand","Receptor",0.384028429392773
"MSC","MSC","COL6A3","ITGA1","Ligand","Receptor",0.4050557521132
"MSC","MSC","COL6A3","ITGA11","Ligand","Receptor",0.356530760520574
"MSC","MSC","COL6A3","SDC1","Ligand","Receptor",0.204805969657699
"MSC","MSC","TNC","ITGA5","Ligand","Receptor",0.347225462473846
"MSC","MSC","TNC","SDC1","Ligand","Receptor",0.375858262775501
"MSC","MSC","HSPG2","ITGB1","Ligand","Receptor",0.504349958097513
"MSC","MSC","HSPG2","FGFR1","Ligand","Receptor",0.399901616946607
"MSC","MSC","HSPG2","SDC1","Ligand","Receptor",0.176836843858013
"MSC","MSC","HSPG2","LRP1","Ligand","Receptor",0.543831418184261
"MSC","MSC","HSPG2","PTPRS","Ligand","Receptor",0.547438917224442
"MSC","MSC","LAMA4","CD44","Ligand","Receptor",0.276596362035234
"MSC","MSC","HP","ITGB2","Ligand","Receptor",0.764399317797031
"MSC","MSC","TGFB1","TGFBR1","Ligand","Receptor",0.176738196790957
"MSC","MSC","TGFB1","ITGB1","Ligand","Receptor",0.440706202220991
"MSC","MSC","TGFB1","ITGB5","Ligand","Receptor",0.154895001622378
"MSC","MSC","TGFB1","SDC2","Ligand","Receptor",0.149921401210049
"MSC","MSC","TGFB1","TGFBR3","Ligand","Receptor",0.154854355456061
"MSC","MSC","TGFB1","VASN","Ligand","Receptor",0.190745272712356
"MSC","MSC","IGF2","INSR","Ligand","Receptor",0.457207484901981
"MSC","MSC","IGF2","IGF2R","Ligand","Receptor",0.460585675586061
"MSC","MSC","APOE","LRP6","Ligand","Receptor",1.77785820096922
"MSC","MSC","APOE","SDC2","Ligand","Receptor",1.84494142340038
"MSC","MSC","APOE","LRP1","Ligand","Receptor",2.17520768449807
"MSC","MSC","APOE","LSR","Ligand","Receptor",1.77785820096922
"MSC","MSC","TF","TFRC","Ligand","Receptor",0.475662180366986
"MSC","MSC","IGF1","INSR","Ligand","Receptor",0.139035599355898
"MSC","MSC","IGF1","IGF2R","Ligand","Receptor",0.142413790039977
"MSC","MSC","APOD","LEPR","Ligand","Receptor",1.39023690418993
"MSC","MSC","CRH","RAMP2","Ligand","Receptor",0.162654144272632
"MSC","MSC","LGALS1","ITGB1","Ligand","Receptor",1.23925142040871
"MSC","MSC","SPP1","ITGA5","Ligand","Receptor",0.399121164622012
"MSC","MSC","SPP1","PTGER4","Ligand","Receptor",0.221524999548985
"MSC","MSC","BMP4","LRP6","Ligand","Receptor",0.110888726788137
"MSC","MSC","VCAN","ITGB1","Ligand","Receptor",1.37678115307578
"MSC","MSC","VCAN","CD44","Ligand","Receptor",1.02549215029866
"MSC","MSC","MIF","CD44","Ligand","Receptor",0.645551171615681
"MSC","MSC","MIF","CXCR4","Ligand","Receptor",0.642167806004832
"MSC","MSC","MIF","TNFRSF14","Ligand","Receptor",0.281902548233303
"MSC","MSC","NID1","ITGB1","Ligand","Receptor",0.626998283404597
"MSC","MSC","NID1","PTPRF","Ligand","Receptor",0.269024179900664
"MSC","MSC","VEGFA","NRP1","Ligand","Receptor",0.235971473418245
"MSC","MSC","VEGFA","NRP2","Ligand","Receptor",0.343622881912727
"MSC","MSC","VEGFA","ITGB1","Ligand","Receptor",0.437874544799687
"MSC","MSC","MDK","SDC1","Ligand","Receptor",0.89981169479696
"MSC","MSC","MDK","SDC2","Ligand","Receptor",0.936540008025519
"MSC","MSC","MDK","NOTCH2","Ligand","Receptor",0.912120429578043
"MSC","MSC","MDK","LRP1","Ligand","Receptor",1.26680626912321
"MSC","MSC","FGF7","NRP1","Ligand","Receptor",0.444402843075724
"MSC","MSC","FGF7","FGFR1","Ligand","Receptor",0.54185757330626
"MSC","MSC","FBLN1","ITGB1","Ligand","Receptor",0.744140741201142
"MSC","MSC","CALR","LRP1","Ligand","Receptor",0.829710066226975
"MSC","MSC","GRN","TNFRSF1A","Ligand","Receptor",0.549400949039424
"MSC","MSC","ADM","RAMP2","Ligand","Receptor",0.160861933635612
"MSC","MSC","WNT5A","FZD5","Ligand","Receptor",0.0867855795228889
"MSC","MSC","CXCL12","CD4","Ligand","Receptor",2.06581642973604
"MSC","MSC","CXCL12","ITGB1","Ligand","Receptor",2.42083411649565
"MSC","MSC","CXCL12","ITGA5","Ligand","Receptor",2.06468820195449
"MSC","MSC","CXCL12","CXCR4","Ligand","Receptor",2.06277838249682
"MSC","MSC","PGF","NRP1","Ligand","Receptor",0.500695704802078
"MSC","MSC","PGF","NRP2","Ligand","Receptor",0.608347113296561
"MSC","MSC","VEGFB","NRP1","Ligand","Receptor",0.220059850674633
"MSC","MSC","VEGFC","NRP2","Ligand","Receptor",0.38030976892593
"MSC","MSC","VEGFC","ITGB1","Ligand","Receptor",0.47456143181289
"MSC","MSC","LUM","ITGB1","Ligand","Receptor",1.00617478447102
"MSC","MSC","COPA","CD74","Ligand","Receptor",0.918542960400196
"MSC","MSC","LGALS3BP","ITGB1","Ligand","Receptor",0.681406924672895
"MSC","MSC","MFGE8","PDGFRB","Ligand","Receptor",0.520869277281377
"MSC","MSC","GAS6","AXL","Ligand","Receptor",0.758993629583679
"MSC","MSC","ANGPT1","ITGB1","Ligand","Receptor",0.622729207885148
"MSC","MSC","ANGPT1","ITGA5","Ligand","Receptor",0.266583293343993
"MSC","MSC","RSPO1","LRP6","Ligand","Receptor",0.192652802726817
"MSC","MSC","FAM3C","LAMP1","Ligand","Receptor",0.303678785300281
"MSC","MSC","FAM3C","LIFR","Ligand","Receptor",0.305616329880414
"MSC","MSC","COL12A1","ITGA10","Ligand","Receptor",0.29244958235231
"MSC","MSC","COL12A1","ITGA1","Ligand","Receptor",0.313476905072738
"MSC","MSC","COL12A1","ITGA11","Ligand","Receptor",0.264951913480112
"MSC","MSC","SPON2","ITGB2","Ligand","Receptor",0.423728262333833
"MSC","MSC","SPON2","ITGB1","Ligand","Receptor",0.447277843774414
"MSC","MSC","ANGPTL4","ITGA5","Ligand","Receptor",0.527587032361963
"MSC","MSC","ANGPTL4","SDC1","Ligand","Receptor",0.378146875393041
"MSC","MSC","ANGPTL4","SDC2","Ligand","Receptor",0.414875188621599
"MSC","MSC","ANGPTL4","CDH11","Ligand","Receptor",0.740516892067631
"MSC","MSC","LTBP3","ITGB5","Ligand","Receptor",0.201062089848616
"MSC","MSC","ANGPTL2","ITGA5","Ligand","Receptor",0.29463567738441
"MSC","MSC","CLEC11A","ITGA10","Ligand","Receptor",0.329526788634402
"MSC","MSC","CLEC11A","ITGB1","Ligand","Receptor",0.626108097643253
"MSC","MSC","CLEC11A","ITGA11","Ligand","Receptor",0.274531450890005
"MSC","MSC","WIF1","RYK","Ligand","Receptor",0.196243315780931
"MSC","MSC","COL8A1","ITGA1","Ligand","Receptor",0.30295069551238
"MSC","MSC","COL5A2","ITGA1","Ligand","Receptor",0.336659352665833
"MSC","MSC","COL5A1","ITGA1","Ligand","Receptor",0.284254334853563
"MSC","MSC","COL3A1","ITGA1","Ligand","Receptor",0.592149128559283
"MSC","MSC","COL14A1","ITGA1","Ligand","Receptor",0.470893350683173
"MSC","MSC","COL14A1","ITGA10","Ligand","Receptor",0.449866027962746
"MSC","MSC","COL3A1","ITGA10","Ligand","Receptor",0.571121805838855
"MSC","MSC","COL5A1","ITGA10","Ligand","Receptor",0.263227012133136
"MSC","MSC","COL5A2","ITGA10","Ligand","Receptor",0.315632029945405
"MSC","MSC","COL8A1","ITGA10","Ligand","Receptor",0.281923372791953
"MSC","MSC","COL14A1","ITGA11","Ligand","Receptor",0.422368359090547
"MSC","MSC","COL3A1","ITGA11","Ligand","Receptor",0.543624136966656
"MSC","MSC","COL5A1","ITGA11","Ligand","Receptor",0.235729343260937
"MSC","MSC","COL5A2","ITGA11","Ligand","Receptor",0.288134361073206
"MSC","MSC","COL8A1","ITGA11","Ligand","Receptor",0.254425703919754
"MSC","MSC","PSEN1","NCSTN","Ligand","Receptor",0.101509069958125
"MSC","MSC","SERPINA1","LRP1","Ligand","Receptor",0.448694303934244
"MSC","MSC","ADAM12","SDC4","Ligand","Receptor",0.167609760518129
"MSC","MSC","FSTL1","DIP2A","Ligand","Receptor",0.657045851086548
"MSC","MSC","ARF1","INSR","Ligand","Receptor",0.301515707518641
"MSC","MSC","TIMP1","CD63","Ligand","Receptor",1.88619351642295
"MSC","MSC","TGFB1","ENG","Ligand","Receptor",0.198544305693888
"MSC","MSC","TFPI","LRP1","Ligand","Receptor",0.699281702325786
"MSC","MSC","THBS1","SDC4","Ligand","Receptor",0.218843954345743
"MSC","MSC","TIMP2","ITGB1","Ligand","Receptor",0.621813172294041
"MSC","MSC","COL14A1","CD44","Ligand","Receptor",0.246867679690044
"MSC","MSC","COL3A1","DDR2","Ligand","Receptor",0.516944928660116
"MSC","MSC","LPL","SDC1","Ligand","Receptor",0.423820852371141
"MSC","MSC","FBN1","ITGB1","Ligand","Receptor",0.798068345476122
"MSC","MSC","HMGB1","SDC1","Ligand","Receptor",0.657180855218209
"MSC","MSC","TGM2","ITGB1","Ligand","Receptor",0.414630478410901
"MSC","MSC","TGM2","SDC4","Ligand","Receptor",0.161662751949257
"MSC","MSC","A2M","LRP1","Ligand","Receptor",0.463228415866822
"MSC","MSC","SERPINE2","LRP1","Ligand","Receptor",0.49095710308426
"MSC","MSC","LRPAP1","LRP1","Ligand","Receptor",0.586013190559568
"MSC","MSC","LPL","LRP1","Ligand","Receptor",0.79081542669739
"MSC","MSC","PSAP","LRP1","Ligand","Receptor",0.88387424096085
"MSC","MSC","HLA-B","CANX","Ligand","Receptor",1.73842255205417
"MSC","MSC","CP","SLC40A1","Ligand","Receptor",0.94612696621107
"MSC","MSC","IGFBP4","LRP6","Ligand","Receptor",0.361422279061588
"MSC","MSC","FBN1","ITGA5","Ligand","Receptor",0.441922430934967
"MSC","MSC","LTBP1","ITGB5","Ligand","Receptor",0.155919032769571
"MSC","MSC","MDK","SDC4","Ligand","Receptor",0.974357082574815
"MSC","MSC","VIM","CD44","Ligand","Receptor",1.34904006432183
"MSC","MSC","NAMPT","INSR","Ligand","Receptor",0.134375008668046
"MSC","MSC","BMP4","RGMB","Ligand","Receptor",0.151038008781661
"MSC","MSC","SERPING1","LRP1","Ligand","Receptor",1.01531473747837
"MSC","MSC","SLPI","PLSCR1","Ligand","Receptor",0.819931711792243
"MSC","MSC","MTMR4","SMAD3","Ligand","Receptor",0.0751606183039572
"MSC","MSC","VCL","ITGB5","Ligand","Receptor",0.23242991007099
"MSC","MSC","MMP2","FGFR1","Ligand","Receptor",0.431861288240245
"MSC","MSC","TGFB1","SMAD3","Ligand","Receptor",0.0910804710563184
"MSC","MSC","TFPI","SDC4","Ligand","Receptor",0.406832515777393
"MSC","MSC","LMAN1","MCFD2","Ligand","Receptor",0.190855806551751
"MSC","MSC","TGS1","RXRA","Ligand","Receptor",0.104117720756349
"MSC","MSC","ADAM10","TSPAN14","Ligand","Receptor",0.187202367710754
"MSC","MSC","TNC","SDC4","Ligand","Receptor",0.450403650553356
"MSC","MSC","INHBB","SMAD3","Ligand","Receptor",0.118219546577624
"MSC","MSC","LPL","CD44","Ligand","Receptor",0.400044963833513
"MSC","MSC","HMGB1","CXCR4","Ligand","Receptor",0.626638235458882
"MSC","MSC","SLPI","CD4","Ligand","Receptor",0.662482446384337
"MSC","MSC","HSP90B1","LRP1","Ligand","Receptor",0.910929961459527
"MSC","MSC","BGN","LY96","Ligand","Receptor",0.419546909657187
"MSC","MSC","CXCL12","SDC4","Ligand","Receptor",2.167866390034
"MSC","MSC","VEGFC","CCBE1","Ligand","Receptor",0.171369338395135
"MSC","MSC","PDAP1","PDGFRB","Ligand","Receptor",0.446185173540469
"MSC","MSC","NAMPT","ITGA5","Ligand","Receptor",0.301242076160321
"MSC","MSC","ANGPTL4","SDC4","Ligand","Receptor",0.452692263170896
"MSC","MSC","MDK","NCL","Ligand","Receptor",1.02449942931353
"MSC","MSC","BMP5","PTPRD","Ligand","Receptor",0.486233377464177
"MSC","MSC","SPARC","FGFR1","Ligand","Receptor",0.395909610831386
"MSC","MSC","LGALS3","ENG","Ligand","Receptor",0.328150036908138
"MSC","MSC","SOCS2","EPOR","Ligand","Receptor",0.114478793023134
"MSC","MSC","TGFB1","LPP","Ligand","Receptor",0.18217162068045
"MSC","MSC","MFGE8","ITGB5","Ligand","Receptor",0.193914645243002
"MSC","MSC","MAML2","NOTCH2","Ligand","Receptor",0.145767993798709
"MSC","MSC","MAML2","NOTCH3","Ligand","Receptor",0.0879549378786391
"MSC","Myeloid","THY1","ITGAM","Ligand","Receptor",0.206038672909586
"MSC","Myeloid","APP","PTGER2","Ligand","Receptor",0.640854270743375
"MSC","Myeloid","ICAM2","ITGAM","Ligand","Receptor",0.317123735553994
"MSC","Myeloid","CD99","PILRB","Ligand","Receptor",0.520388532998769
"MSC","Myeloid","SELPLG","ITGAM","Ligand","Receptor",0.142512107832117
"MSC","Myeloid","JAM3","ITGAM","Ligand","Receptor",0.16256907936601
"MSC","Myeloid","ADAM28","ITGA4","Ligand","Receptor",0.3729845783424
"MSC","Myeloid","HP","ITGB2","Ligand","Receptor",0.563590371680496
"MSC","Myeloid","HP","ITGAM","Ligand","Receptor",0.521295976638828
"MSC","Myeloid","TGFB1","CXCR4","Ligand","Receptor",0.319305588607832
"MSC","Myeloid","LGALS1","PTPRC","Ligand","Receptor",1.07011458089131
"MSC","Myeloid","VCAN","ITGA4","Ligand","Receptor",1.10626182137608
"MSC","Myeloid","MIF","TNFRSF14","Ligand","Receptor",0.410499130512558
"MSC","Myeloid","CXCL12","ITGA4","Ligand","Receptor",2.15031478479594
"MSC","Myeloid","CXCL12","CXCR4","Ligand","Receptor",2.29943350288249
"MSC","Myeloid","FAM3C","CLEC2D","Ligand","Receptor",0.193760739500172
"MSC","Myeloid","SPON2","ITGAM","Ligand","Receptor",0.180624921175631
"MSC","Myeloid","FSTL1","DIP2A","Ligand","Receptor",0.743284182176778
"MSC","Myeloid","TIMP1","CD63","Ligand","Receptor",1.24889197428349
"MSC","Myeloid","CFH","ITGAM","Ligand","Receptor",0.389844341837525
"MSC","Myeloid","HLA-B","CANX","Ligand","Receptor",2.01259587026484
"MSC","Myeloid","SLPI","PLSCR1","Ligand","Receptor",1.07106854000474
"MSC","Myeloid","HMGB1","CXCR4","Ligand","Receptor",0.86329335584455
"MSC","Myeloid","GNAI2","S1PR4","Ligand","Receptor",0.282818230304061
"MSC","Myeloid","MDK","NCL","Ligand","Receptor",1.05818796951906
"MSC","Myeloid","CSF1","CSF3R","Ligand","Receptor",0.5424469124034
"MSC","Neural","HLA-A","APLP2","Ligand","Receptor",1.26008597745511
"MSC","Neural","APP","LRP6","Ligand","Receptor",0.450668069363984
"MSC","Neural","APP","VLDLR","Ligand","Receptor",0.452196576419565
"MSC","Neural","APP","APLP2","Ligand","Receptor",0.502122084079296
"MSC","Neural","APOE","LRP6","Ligand","Receptor",1.77640318351453
"MSC","Neural","APOE","VLDLR","Ligand","Receptor",1.77793169057011
"MSC","Neural","BMP4","LRP6","Ligand","Receptor",0.109433709333445
"MSC","Neural","NID1","PTPRF","Ligand","Receptor",0.320308551914409
"MSC","Neural","FGF7","NRP1","Ligand","Receptor",0.287729462686637
"MSC","Neural","PGF","NRP1","Ligand","Receptor",0.344022324412991
"MSC","Neural","RSPO1","LRP6","Ligand","Receptor",0.191197785272125
"MSC","Neural","ANGPTL4","CDH11","Ligand","Receptor",0.347960316327887
"MSC","Neural","TFPI","VLDLR","Ligand","Receptor",0.302005708397827
"MSC","Neural","LPL","VLDLR","Ligand","Receptor",0.393539432769431
"MSC","Neural","HLA-B","CANX","Ligand","Receptor",1.65815660948271
"MSC","Neural","IGFBP4","LRP6","Ligand","Receptor",0.359967261606897
"MSC","Neural","LRPAP1","VLDLR","Ligand","Receptor",0.188737196631609
"MSC","Neural","ARF6","SMAP1","Ligand","Receptor",0.18028653452954
"MSC","Neural","APOC1","VLDLR","Ligand","Receptor",0.271750465025596
"MSC","Neural","MDK","NCL","Ligand","Receptor",0.893875618519563
"MSC","Neural","BMP5","PTPRD","Ligand","Receptor",0.62892340489071
"Myeloid","Megakaryocyte","ADAM10","CD44","Ligand","Receptor",0.291380492360073
"Myeloid","Megakaryocyte","HLA-A","CD3D","Ligand","Receptor",0.952503746498181
"Myeloid","Megakaryocyte","APP","CD74","Ligand","Receptor",1.45986458726885
"Myeloid","Megakaryocyte","APP","RPSA","Ligand","Receptor",1.65009582813471
"Myeloid","Megakaryocyte","HLA-G","KLRC1","Ligand","Receptor",0.214733381469586
"Myeloid","Megakaryocyte","HLA-G","KLRD1","Ligand","Receptor",0.217420267623348
"Myeloid","Megakaryocyte","JAG1","CD46","Ligand","Receptor",0.288356808498255
"Myeloid","Megakaryocyte","CLEC2D","KLRB1","Ligand","Receptor",0.343118398495749
"Myeloid","Megakaryocyte","S100A8","ITGB2","Ligand","Receptor",2.79355844530674
"Myeloid","Megakaryocyte","S100A8","CD68","Ligand","Receptor",2.54292379202303
"Myeloid","Megakaryocyte","S100A9","ITGB2","Ligand","Receptor",2.49939746544298
"Myeloid","Megakaryocyte","S100A9","CD68","Ligand","Receptor",2.24876281215926
"Myeloid","Megakaryocyte","MIF","CD44","Ligand","Receptor",0.683558657796317
"Myeloid","Megakaryocyte","MIF","CXCR4","Ligand","Receptor",0.721247146099444
"Myeloid","Megakaryocyte","MIF","TNFRSF14","Ligand","Receptor",0.355535981312555
"Myeloid","Megakaryocyte","GRN","TNFRSF1B","Ligand","Receptor",1.00703718523282
"Myeloid","Megakaryocyte","ADAM10","TSPAN14","Ligand","Receptor",0.294030178662386
"Myeloid","Megakaryocyte","GNAI2","CXCR3","Ligand","Receptor",0.56298259955711
"Myeloid","Megakaryocyte","GNAI2","S1PR1","Ligand","Receptor",0.443186675135094
"Myeloid","Megakaryocyte","RETN","CAP1","Ligand","Receptor",1.08474420907322
"Myeloid","Megakaryocyte","LTF","BTN3A3","Ligand","Receptor",1.00049198328466
"Myeloid","Megakaryocyte","VEGFA","CD44","Ligand","Receptor",0.291380492360073
"Myeloid","Megakaryocyte","LTF","BTN3A2","Ligand","Receptor",1.02270131809506
"Myeloid","Megakaryocyte","INHBA","ACTR2","Ligand","Receptor",0.777290314235427
"Myeloid","Fibroblast","ADAM10","MET","Ligand","Receptor",0.290833853370062
"Myeloid","Fibroblast","ADAM10","CD44","Ligand","Receptor",0.350421930556667
"Myeloid","Fibroblast","ADAM10","AXL","Ligand","Receptor",0.413840022419737
"Myeloid","Fibroblast","ADAM10","NOTCH2","Ligand","Receptor",0.296208177165407
"Myeloid","Fibroblast","APP","RPSA","Ligand","Receptor",1.82894280970382
"Myeloid","Fibroblast","APP","GPC1","Ligand","Receptor",0.523521289479879
"Myeloid","Fibroblast","APP","NOTCH2","Ligand","Receptor",0.525117583405523
"Myeloid","Fibroblast","JAG1","NOTCH2","Ligand","Receptor",0.302412337027322
"Myeloid","Fibroblast","JAG1","NOTCH3","Ligand","Receptor",0.272314526659536
"Myeloid","Fibroblast","VEGFA","ITGB1","Ligand","Receptor",0.490887441045571
"Myeloid","Fibroblast","VEGFA","GPC1","Ligand","Receptor",0.294611883239763
"Myeloid","Fibroblast","GRN","TNFRSF1A","Ligand","Receptor",0.905382969697644
"Myeloid","Fibroblast","GPI","AMFR","Ligand","Receptor",0.462455058723178
"Myeloid","Fibroblast","LTF","LRP1","Ligand","Receptor",0.954620609327016
"Myeloid","Fibroblast","INHBA","ENG","Ligand","Receptor",0.813775150941682
"Myeloid","Fibroblast","GNAI2","CAV1","Ligand","Receptor",0.607799559697072
"Myeloid","Fibroblast","LTF","TFRC","Ligand","Receptor",0.983997842046377
"Myeloid","Fibroblast","INHBA","SMAD3","Ligand","Receptor",0.705836591873434
"Myeloid","Fibroblast","TGS1","RXRA","Ligand","Receptor",0.185137415668339
"Myeloid","Fibroblast","RETN","CAP1","Ligand","Receptor",0.89060666782646
"Myeloid","Fibroblast","VEGFA","CD44","Ligand","Receptor",0.350421930556667
"Myeloid","Fibroblast","LTF","BTN3A2","Ligand","Receptor",0.954965396404472
"Myeloid","Fibroblast","INHBA","ACTR2","Ligand","Receptor",0.733672834798492
"Myeloid","MSC","ADAM10","NOTCH2","Ligand","Receptor",0.306969439541385
"Myeloid","MSC","ADAM10","TSPAN17","Ligand","Receptor",0.259750196209955
"Myeloid","MSC","APP","CD74","Ligand","Receptor",1.33420263118849
"Myeloid","MSC","APP","NOTCH2","Ligand","Receptor",0.5358788457815
"Myeloid","MSC","APP","APLP2","Ligand","Receptor",0.630584692159723
"Myeloid","MSC","APP","LRP1","Ligand","Receptor",0.890564685326666
"Myeloid","MSC","APP","LRP10","Ligand","Receptor",0.584882398599594
"Myeloid","MSC","APP","NCSTN","Ligand","Receptor",0.536687322561847
"Myeloid","MSC","HLA-G","CD4","Ligand","Receptor",0.147252558300445
"Myeloid","MSC","JAG1","CD46","Ligand","Receptor",0.312788543717871
"Myeloid","MSC","JAG1","NOTCH2","Ligand","Receptor",0.313173599403299
"Myeloid","MSC","JAG1","NOTCH3","Ligand","Receptor",0.255360543483229
"Myeloid","MSC","S100A8","ITGB2","Ligand","Receptor",2.84166197607429
"Myeloid","MSC","S100A8","CD36","Ligand","Receptor",2.57256821223269
"Myeloid","MSC","S100A8","CD68","Ligand","Receptor",2.50723745401094
"Myeloid","MSC","S100A9","ITGB2","Ligand","Receptor",2.54750099621052
"Myeloid","MSC","S100A9","CD36","Ligand","Receptor",2.27840723236892
"Myeloid","MSC","S100A9","CD68","Ligand","Receptor",2.21307647414717
"Myeloid","MSC","INHBA","TGFBR3","Ligand","Receptor",0.775280025421292
"Myeloid","MSC","MIF","CD44","Ligand","Receptor",0.610479841687438
"Myeloid","MSC","MIF","CXCR4","Ligand","Receptor",0.607096476076589
"Myeloid","MSC","VEGFA","NRP1","Ligand","Receptor",0.42027074761836
"Myeloid","MSC","VEGFA","NRP2","Ligand","Receptor",0.527922156112842
"Myeloid","MSC","VEGFA","ITGB1","Ligand","Receptor",0.622173818999802
"Myeloid","MSC","VEGFA","GPC1","Ligand","Receptor",0.253631840210411
"Myeloid","MSC","GRN","TNFRSF1A","Ligand","Receptor",1.25415500173181
"Myeloid","MSC","GPI","AMFR","Ligand","Receptor",0.458837006029082
"Myeloid","MSC","LTF","LRP1","Ligand","Receptor",1.35352929384714
"Myeloid","MSC","INHBA","ENG","Ligand","Receptor",0.81896997565912
"Myeloid","MSC","GNAI2","CAV1","Ligand","Receptor",0.528346214453556
"Myeloid","MSC","FBN1","ITGB1","Ligand","Receptor",0.502270245060048
"Myeloid","MSC","LRPAP1","LRP1","Ligand","Receptor",0.655693957276504
"Myeloid","MSC","PSAP","LRP1","Ligand","Receptor",0.646648290294365
"Myeloid","MSC","SLPI","PLSCR1","Ligand","Receptor",1.01073065305953
"Myeloid","MSC","VCL","ITGB5","Ligand","Receptor",0.679214276771012
"Myeloid","MSC","LTF","TFRC","Ligand","Receptor",0.956179810318292
"Myeloid","MSC","INHBA","SMAD3","Ligand","Receptor",0.71150614102155
"Myeloid","MSC","TGS1","RXRA","Ligand","Receptor",0.215306982253117
"Myeloid","MSC","ADAM10","TSPAN14","Ligand","Receptor",0.343036987498477
"Myeloid","MSC","SLPI","CD4","Ligand","Receptor",0.85328138765162
"Myeloid","MSC","PDAP1","PDGFRB","Ligand","Receptor",0.539547267398885
"Myeloid","MSC","RETN","CAP1","Ligand","Receptor",0.810158334037638
"Myeloid","MSC","LTF","BTN3A2","Ligand","Receptor",1.01628466280626
"Myeloid","MSC","INHBA","ACTR2","Ligand","Receptor",0.736209587623035
"Myeloid","Myeloid","APP","PTGER2","Ligand","Receptor",0.681946385722517
"Myeloid","Myeloid","JAG1","CD46","Ligand","Receptor",0.357858647162008
"Myeloid","Myeloid","S100A8","ITGB2","Ligand","Receptor",2.64085302995775
"Myeloid","Myeloid","S100A9","ITGB2","Ligand","Receptor",2.34669205009399
"Myeloid","Myeloid","GRN","TNFRSF1A","Ligand","Receptor",0.961433524987098
"Myeloid","Myeloid","SLPI","PLSCR1","Ligand","Receptor",1.26186748127202
"Myeloid","Myeloid","GNAI2","S1PR4","Ligand","Receptor",0.627445713972249
"Myeloid","Myeloid","INHBA","ACTR2","Ligand","Receptor",0.858705509572654
"Neural","Megakaryocyte","APP","CD74","Ligand","Receptor",1.09707867645833
"Neural","Megakaryocyte","APP","RPSA","Ligand","Receptor",1.28730991732419
"Neural","Megakaryocyte","JAM3","ITGAM","Ligand","Receptor",0.200549536871391
"Neural","Megakaryocyte","CXCL14","CXCR4","Ligand","Receptor",0.154469265282258
"Neural","Megakaryocyte","GNAI2","CXCR3","Ligand","Receptor",0.2779495082774
"Neural","Megakaryocyte","CALM1","PTPRA","Ligand","Receptor",0.781842260600573
"Neural","Fibroblast","ADAM10","CD44","Ligand","Receptor",0.137018656133134
"Neural","Fibroblast","ADAM10","AXL","Ligand","Receptor",0.200436747996204
"Neural","Fibroblast","APP","RPSA","Ligand","Receptor",1.4661568988933
"Neural","Fibroblast","JAM3","ITGB1","Ligand","Receptor",0.27922392004926
"Neural","Fibroblast","COL6A3","ITGA10","Ligand","Receptor",0.165192244437746
"Neural","Fibroblast","COL6A3","ITGA11","Ligand","Receptor",0.181025914827914
"Neural","Fibroblast","GNAI2","CAV1","Ligand","Receptor",0.322766468417361
"Neural","Fibroblast","CALM1","MYLK","Ligand","Receptor",0.826111504972329
"Neural","Fibroblast","CALM2","MYLK","Ligand","Receptor",0.586834449588087
"Neural","Fibroblast","CALM3","MYLK","Ligand","Receptor",0.339799727533619
"Neural","Fibroblast","PSEN1","CD44","Ligand","Receptor",0.136622949978554
"Neural","Fibroblast","NAMPT","ITGA5","Ligand","Receptor",0.224936831736395
"Neural","MSC","SEMA7A","ITGA1","Ligand","Receptor",0.310723889687103
"Neural","MSC","APP","CD74","Ligand","Receptor",0.971416720377968
"Neural","MSC","APP","LRP1","Ligand","Receptor",0.527778774516144
"Neural","MSC","CD99","CD81","Ligand","Receptor",0.355306731105211
"Neural","MSC","JAM3","ITGB1","Ligand","Receptor",0.410510298003491
"Neural","MSC","LAMC1","ITGA1","Ligand","Receptor",0.152954558107231
"Neural","MSC","COL6A3","ITGA10","Ligand","Receptor",0.262837979313196
"Neural","MSC","COL6A3","ITGA1","Ligand","Receptor",0.283865302033623
"Neural","MSC","COL6A3","ITGA11","Ligand","Receptor",0.235340310440997
"Neural","MSC","CALR","LRP1","Ligand","Receptor",0.450335762898868
"Neural","MSC","PSEN1","NCSTN","Ligand","Receptor",0.093978935743619
"Neural","MSC","TIMP2","ITGB1","Ligand","Receptor",0.456567711219261
"Neural","MSC","BMP4","RGMB","Ligand","Receptor",0.0921668738671573
"Neural","MSC","CALM1","MYLK","Ligand","Receptor",0.773602772884525
"Neural","MSC","CALM1","INSR","Ligand","Receptor",0.786636851625605
"Neural","MSC","CALM2","INSR","Ligand","Receptor",0.547359796241363
"Neural","MSC","CALM3","INSR","Ligand","Receptor",0.300325074186895
"Neural","MSC","ADAM10","TSPAN14","Ligand","Receptor",0.129633713074944
"Neural","MSC","CALM1","PTPRA","Ligand","Receptor",0.838445092551204
"Neural","MSC","HSP90B1","LRP1","Ligand","Receptor",0.675752429363526
"Neural","MSC","CALM1","FAS","Ligand","Receptor",0.784313855256558
"Neural","MSC","PDAP1","PDGFRB","Ligand","Receptor",0.504872968844457
"Neural","MSC","NAMPT","ITGA5","Ligand","Receptor",0.233869689966088
"Neural","Myeloid","APP","PTGER2","Ligand","Receptor",0.319160474911994
"Neural","Myeloid","JAM3","ITGAM","Ligand","Receptor",0.165004572925541
"Neural","Myeloid","CXCL14","CXCR4","Ligand","Receptor",0.288485001702575
"Neural","Myeloid","GNAI2","S1PR4","Ligand","Receptor",0.342412622692539
"Neural","Neural","CALM1","PTPRA","Ligand","Receptor",0.798878857539306
